n	url	http	note
S1	https://raw.githubusercontent.com/dominicroye/obesity/master/share-of-adults-defined-as-obese.csv	200	доступен напрямую (curl)
S2	https://raw.githubusercontent.com/banerjeemdx/Data-Visualisation-with-Tableau---NCD_RisC-dataset-on-BMI-Body-M	200	доступен напрямую (curl)
S3	https://raw.githubusercontent.com/banerjeemdx/Data-Visualisation-with-Tableau---NCD_RisC-dataset-on-BMI-Body-M	200	доступен напрямую (curl)
S4	https://raw.githubusercontent.com/datasets/population/075cd0da5b7268daa466c84b3b2ff109bf3aea7e/data/population	200	доступен напрямую (curl)
S5	https://en.wikipedia.org/wiki/Member_states_of_the_United_Nations	000	заблокирован egress-политикой, проверяется только через поисковый индекс
S6	https://s3-eu-west-1.amazonaws.com/wof-files/World_Obesity_Atlas_2025_rev1.pdf	200	доступен напрямую (curl)
S7	https://s3-eu-west-1.amazonaws.com/wof-files/World_Obesity_Atlas_2023_Report.pdf	200	доступен напрямую (curl)
S8	https://s3-eu-west-1.amazonaws.com/wof-files/World_Obesity_Atlas_2022.pdf	200	доступен напрямую (curl)
S9	https://s3-eu-west-1.amazonaws.com/wof-files/WOF_Obesity_Atlas_2024.pdf	200	доступен напрямую (curl)
S10	https://international-diabetes-federation.s3.eu-west-1.amazonaws.com/media/uploads/sites/3/2025/10/IDF_Diabete	200	доступен напрямую (curl)
S11	https://www.ncbi.nlm.nih.gov/books/n/idfatlas10e/appendices.s1/	000	заблокирован egress-политикой, проверяется только через поисковый индекс
S12	https://pmc.ncbi.nlm.nih.gov/articles/PMC8606788/	000	заблокирован egress-политикой, проверяется только через поисковый индекс
S13	https://pubmed.ncbi.nlm.nih.gov/41839719/	000	заблокирован egress-политикой, проверяется только через поисковый индекс
S14	https://www.cdc.gov/nchs/data/hestat/obesity-adult-17-18/obesity-adult.htm	000	заблокирован egress-политикой, проверяется только через поисковый индекс
S15	https://www.cdc.gov/nchs/products/databriefs/db508.htm	000	заблокирован egress-политикой, проверяется только через поисковый индекс
S16	https://pmc.ncbi.nlm.nih.gov/articles/PMC5081106/	000	заблокирован egress-политикой, проверяется только через поисковый индекс
S17	https://www.ncbi.nlm.nih.gov/books/NBK582202/table/appendices.tu3/	000	заблокирован egress-политикой, проверяется только через поисковый индекс
S18	https://www.ncbi.nlm.nih.gov/books/n/idfatlas10e/appendices.s1/	000	заблокирован egress-политикой, проверяется только через поисковый индекс
S19	https://pmc.ncbi.nlm.nih.gov/articles/PMC11057359/	000	заблокирован egress-политикой, проверяется только через поисковый индекс
S20	https://www.ncbi.nlm.nih.gov/books/NBK581940/	000	заблокирован egress-политикой, проверяется только через поисковый индекс
S21	https://pmc.ncbi.nlm.nih.gov/articles/PMC7616842/	000	заблокирован egress-политикой, проверяется только через поисковый индекс
S22	https://www.who.int/news/item/13-11-2024-urgent-action-needed-as-global-diabetes-cases-increase-four-fold-over	000	заблокирован egress-политикой, проверяется только через поисковый индекс
S23	https://pmc.ncbi.nlm.nih.gov/articles/PMC9684960/	000	заблокирован egress-политикой, проверяется только через поисковый индекс
S24	https://pmc.ncbi.nlm.nih.gov/articles/PMC9515107/	000	заблокирован egress-политикой, проверяется только через поисковый индекс
S25	https://pubmed.ncbi.nlm.nih.gov/12714863/	000	заблокирован egress-политикой, проверяется только через поисковый индекс
S26	https://pubmed.ncbi.nlm.nih.gov/25005850/	000	заблокирован egress-политикой, проверяется только через поисковый индекс
S27	https://pmc.ncbi.nlm.nih.gov/articles/PMC6233908/	000	заблокирован egress-политикой, проверяется только через поисковый индекс
S28	https://pubmed.ncbi.nlm.nih.gov/30056190/	000	заблокирован egress-политикой, проверяется только через поисковый индекс
S29	https://pmc.ncbi.nlm.nih.gov/articles/PMC8212402/	000	заблокирован egress-политикой, проверяется только через поисковый индекс
S30	https://pubmed.ncbi.nlm.nih.gov/27108148/	000	заблокирован egress-политикой, проверяется только через поисковый индекс
S31	https://pubmed.ncbi.nlm.nih.gov/15339127/	000	заблокирован egress-политикой, проверяется только через поисковый индекс
S32	https://pubmed.ncbi.nlm.nih.gov/18557451/	000	заблокирован egress-политикой, проверяется только через поисковый индекс
S33	https://pubmed.ncbi.nlm.nih.gov/8208193/	000	заблокирован egress-политикой, проверяется только через поисковый индекс
S34	https://pubmed.ncbi.nlm.nih.gov/7000592/	000	заблокирован egress-политикой, проверяется только через поисковый индекс
S35	https://pubmed.ncbi.nlm.nih.gov/23867899/	000	заблокирован egress-политикой, проверяется только через поисковый индекс
S36	https://laws.e-gov.go.jp/law/357AC0000000080	000	заблокирован egress-политикой, проверяется только через поисковый индекс
S37	https://laws.e-gov.go.jp/law/419M60000100157	000	заблокирован egress-политикой, проверяется только через поисковый индекс
S38	https://laws.e-gov.go.jp/law/419M60000100140	000	заблокирован egress-политикой, проверяется только через поисковый индекс
S39	https://www.immigration.govt.nz/about-us/news-centre/acceptable-standard-of-health/	000	заблокирован egress-политикой, проверяется только через поисковый индекс
S40	https://blogs.loc.gov/law/2013/07/how-big-is-too-big-for-new-zealand/	000	заблокирован egress-политикой, проверяется только через поисковый индекс
S41	https://sso.agc.gov.sg/SL/SFA1973-RG1?ProvIds=pr184A-	000	заблокирован egress-политикой, проверяется только через поисковый индекс
S42	https://pmc.ncbi.nlm.nih.gov/articles/PMC10498917/	000	заблокирован egress-политикой, проверяется только через поисковый индекс
S43	https://pmc.ncbi.nlm.nih.gov/articles/PMC6670018/	000	заблокирован egress-политикой, проверяется только через поисковый индекс
S44	https://pmc.ncbi.nlm.nih.gov/articles/PMC10647377/	000	заблокирован egress-политикой, проверяется только через поисковый индекс
S45	https://www.nhc.gov.cn/wjw/c100378/202504/f94979ff66e0418aa5d610d12a12c848.shtml	000	заблокирован egress-политикой, проверяется только через поисковый индекс
S46	https://www.nhc.gov.cn/ylyjs/gzdt/202406/41c64b9fd9774352af22f5274c1e831d.shtml	000	заблокирован egress-политикой, проверяется только через поисковый индекс
S47	https://laws.e-gov.go.jp/law/347AC0000000057	000	заблокирован egress-политикой, проверяется только через поисковый индекс
S48	http://www.law.go.kr/LSW/lsInfoP.do?lsiSeq=98630	403	код 403
S49	https://www.law.go.kr/LSW/cgmExpcInfoP.do?cgmExpcDatSeq=459738&mode=2&ofiClsCd=350116	000	заблокирован egress-политикой, проверяется только через поисковый индекс
S50	https://www.law.go.kr/LSW/lsInfoP.do?urlMode=lsInfoP&lsId=010937	000	заблокирован egress-политикой, проверяется только через поисковый индекс
S51	https://www.pbs.gov.au/info/reviews/PBAC-advice-equitable-access-to-GLP-1-obesity-treatments	000	заблокирован egress-политикой, проверяется только через поисковый индекс
S52	https://www.pbs.gov.au/news/2026/03/pbac-advice-on-equitable-access-to-glp-1-obesity-treatments-17-march-2026	000	заблокирован egress-политикой, проверяется только через поисковый индекс
S53	https://www.tga.gov.au/news/media-releases/your-solution-compounding-pharmacy-undertakes-comply-advertising-ru	000	заблокирован egress-политикой, проверяется только через поисковый индекс
S54	https://www.tga.gov.au/news/media-releases/update-glucagon-peptide-1-receptor-agonists-glp-1-ras-pharmacy-comp	000	заблокирован egress-политикой, проверяется только через поисковый индекс
S55	https://immi.homeaffairs.gov.au/help-support/meeting-our-requirements/health/protecting-health-care-and-commun	000	заблокирован egress-политикой, проверяется только через поисковый индекс
S56	https://www.aph.gov.au/Parliamentary_Business/Committees/Joint/Completed_Inquiries/mig/disability/chapter3	000	заблокирован egress-политикой, проверяется только через поисковый индекс
S57	https://www.dof.gov.ph/asean-members-cite-trains-sweetened-beverage-tax-as-successful-policy-dof/	000	заблокирован egress-политикой, проверяется только через поисковый индекс
S58	https://apps.fas.usda.gov/newgainapi/api/report/downloadreportbyfilename?filename=Thai+Excise+Department+Imple	000	заблокирован egress-политикой, проверяется только через поисковый индекс
S59	https://pmc.ncbi.nlm.nih.gov/articles/PMC8084227/	000	заблокирован egress-политикой, проверяется только через поисковый индекс
S60	https://www.tobaccofreekids.org/press-releases/2025_06_18_government-of-viet-nam-approves-life-saving-taxes-on	000	заблокирован egress-политикой, проверяется только через поисковый индекс
S61	https://www.moh.gov.sg/newsroom/update-on-the-war-on-diabetes/	000	заблокирован egress-политикой, проверяется только через поисковый индекс
S62	https://www.law.go.kr/LSW/lumLsLinkPop.do?lspttninfSeq=69419&ancYnChk=0&chrClsCd=010202	000	заблокирован egress-политикой, проверяется только через поисковый индекс
S63	https://tax.gov.ae/en/media.centre/news/federal.tax.authority.clarifies.new.aspx	000	заблокирован egress-политикой, проверяется только через поисковый индекс
S64	https://www.emro.who.int/emhj-volume-30-2024/volume-30-issue-11/situation-analysis-of-sugar-sweetened-beverage	000	заблокирован egress-политикой, проверяется только через поисковый индекс
S65	https://www.doh.gov.ae/-/media/9F8611EF0B7841F28E2AAE4614327F59.ashx	000	заблокирован egress-политикой, проверяется только через поисковый индекс
S66	https://pmc.ncbi.nlm.nih.gov/articles/PMC10757599/	000	заблокирован egress-политикой, проверяется только через поисковый индекс
S67	https://www.sfda.gov.sa/en/news/17639	000	заблокирован egress-политикой, проверяется только через поисковый индекс
S68	https://sis.gov.eg/en/media-center/news/health-minister-100-million-healthy-lives-initiatives-deliver-289-mill	000	заблокирован egress-политикой, проверяется только через поисковый индекс
S69	https://www.aile.gov.tr/eyhgm/mevzuat/ulusal-mevzuat/yonetmelikler/surucu-adaylari-ve-suruculerde-aranacak-sag	000	заблокирован egress-политикой, проверяется только через поисковый индекс
S70	https://pmc.ncbi.nlm.nih.gov/articles/PMC10755473/	000	заблокирован egress-политикой, проверяется только через поисковый индекс
S71	https://eurohealthobservatory.who.int/monitors/health-systems-monitor/updates/hspm/israel-2015/sugar-beverage-	000	заблокирован egress-политикой, проверяется только через поисковый индекс
S72	https://pmc.ncbi.nlm.nih.gov/articles/PMC11581873/	000	заблокирован egress-политикой, проверяется только через поисковый индекс
S73	https://www.saglik.gov.tr/TR-52851/okullarda-satisi-yapilabilecek-yiyecek-ve-icecekler-icin-logo-uygulamasi-01	000	заблокирован egress-политикой, проверяется только через поисковый индекс
S74	https://www.tarimorman.gov.tr/GKGM/Belgeler/DB_Gida_Isletmeleri/Okul_Gidasi_SB_Bilim_Kurulu_Karar_Tutanagi.pdf	000	заблокирован egress-политикой, проверяется только через поисковый индекс
S75	https://pmc.ncbi.nlm.nih.gov/articles/PMC7685619/	000	заблокирован egress-политикой, проверяется только через поисковый индекс
S76	https://www.moph.gov.qa/english/strategies/Supporting-Strategies-and-Frameworks/nationaldiabetesstrategy/Pages	000	заблокирован egress-политикой, проверяется только через поисковый индекс
S77	https://www.retsinformation.dk/eli/lta/2011/247/pdf	000	заблокирован egress-политикой, проверяется только через поисковый индекс
S78	https://pubmed.ncbi.nlm.nih.gov/25840733/	000	заблокирован egress-политикой, проверяется только через поисковый индекс
S79	https://www.retsinformation.dk/eli/lta/2014/708/dan/pdf	000	заблокирован egress-политикой, проверяется только через поисковый индекс
S80	https://www.dst.dk/nytpdf/48869	000	заблокирован egress-политикой, проверяется только через поисковый индекс
S81	https://www.dst.dk/nyt/52231	000	заблокирован egress-политикой, проверяется только через поисковый индекс
S82	https://www.dst.dk/nytpdf/52231	000	заблокирован egress-политикой, проверяется только через поисковый индекс
S83	https://www.retsinformation.dk/eli/lta/2015/131	000	заблокирован egress-политикой, проверяется только через поисковый индекс
S84	https://www.retsinformation.dk/api/pdf/175931	000	заблокирован egress-политикой, проверяется только через поисковый индекс
S85	https://eur-lex.europa.eu/legal-content/EN/TXT/HTML/?uri=CELEX:32019R0649	000	заблокирован egress-политикой, проверяется только через поисковый индекс
S86	https://njt.hu/jogszabaly/2011-103-00-00	000	заблокирован egress-политикой, проверяется только через поисковый индекс
S87	https://njt.hu/jogszabaly/2011-103-00-00.1	000	заблокирован egress-политикой, проверяется только через поисковый индекс
S88	https://njt.hu/jogszabaly/2011-103-00-00.8	000	заблокирован egress-политикой, проверяется только через поисковый индекс
S89	https://pubmed.ncbi.nlm.nih.gov/37086420/	000	заблокирован egress-политикой, проверяется только через поисковый индекс
S90	https://pubmed.ncbi.nlm.nih.gov/29166954/	000	заблокирован egress-политикой, проверяется только через поисковый индекс
S91	https://www.legislation.gov.uk/ukpga/2017/10/section/29/data.xht	000	заблокирован egress-политикой, проверяется только через поисковый индекс
S92	https://www.legislation.gov.uk/ukpga/2017/10/part/2/crossheading/charging-of-the-soft-drinks-industry-levy	000	заблокирован egress-политикой, проверяется только через поисковый индекс
S93	https://www.gov.uk/government/news/soft-drinks-industry-levy-comes-into-effect	000	заблокирован egress-политикой, проверяется только через поисковый индекс
S94	https://pmc.ncbi.nlm.nih.gov/articles/PMC12142870/	000	заблокирован egress-политикой, проверяется только через поисковый индекс
S95	https://pubmed.ncbi.nlm.nih.gov/39903599/	000	заблокирован egress-политикой, проверяется только через поисковый индекс
S96	https://www.legislation.gov.uk/ukdsi/2021/9780348223538	000	заблокирован egress-политикой, проверяется только через поисковый индекс
S97	https://pmc.ncbi.nlm.nih.gov/articles/PMC11015320/	000	заблокирован egress-политикой, проверяется только через поисковый индекс
S98	https://pmc.ncbi.nlm.nih.gov/articles/PMC7352298/	000	заблокирован egress-политикой, проверяется только через поисковый индекс
S99	https://pubmed.ncbi.nlm.nih.gov/30261242/	000	заблокирован egress-политикой, проверяется только через поисковый индекс
S100	https://www.gov.uk/government/publications/restricting-advertising-of-less-healthy-food-or-drink-on-tv-and-onl	000	заблокирован egress-политикой, проверяется только через поисковый индекс
S101	https://www.gov.uk/government/collections/less-healthy-food-or-drink-advertising-and-promotions-restrictions	000	заблокирован egress-политикой, проверяется только через поисковый индекс
S102	https://www.gov.uk/government/news/childrens-health-further-protected-with-energy-drinks-ban	000	заблокирован egress-политикой, проверяется только через поисковый индекс
S103	https://www.gov.uk/guidance/diabetes-mellitus-assessing-fitness-to-drive	000	заблокирован egress-политикой, проверяется только через поисковый индекс
S104	https://pubmed.ncbi.nlm.nih.gov/18421936/	000	заблокирован egress-политикой, проверяется только через поисковый индекс
S105	https://www.gesetze-im-internet.de/fev_2010/anlage_4.html	000	заблокирован egress-политикой, проверяется только через поисковый индекс
S106	https://pubmed.ncbi.nlm.nih.gov/34142412/	000	заблокирован egress-политикой, проверяется только через поисковый индекс
S107	https://pubmed.ncbi.nlm.nih.gov/31331425/	000	заблокирован egress-политикой, проверяется только через поисковый индекс
S108	https://www.nice.org.uk/guidance/ta875	000	заблокирован egress-политикой, проверяется только через поисковый индекс
S109	https://www.nice.org.uk/guidance/ta875/chapter/1-Recommendations	000	заблокирован egress-политикой, проверяется только через поисковый индекс
S110	https://www.nice.org.uk/guidance/ta875/resources/semaglutide-for-managing-overweight-and-obesity-pdf-826136748	000	заблокирован egress-политикой, проверяется только через поисковый индекс
S111	https://pmc.ncbi.nlm.nih.gov/articles/PMC12705252/	000	заблокирован egress-политикой, проверяется только через поисковый индекс
S112	https://www.nice.org.uk/guidance/ta1152	000	заблокирован egress-политикой, проверяется только через поисковый индекс
S113	https://www.gov.uk/government/publications/better-health-rewards-summary-of-pilot-results/better-health-reward	000	заблокирован egress-политикой, проверяется только через поисковый индекс
S114	https://pmc.ncbi.nlm.nih.gov/articles/PMC9160476/	000	заблокирован egress-политикой, проверяется только через поисковый индекс
S115	https://pmc.ncbi.nlm.nih.gov/articles/PMC7115827/	000	заблокирован egress-политикой, проверяется только через поисковый индекс
S116	https://www.gesetze-im-internet.de/sgb_5/__34.html	000	заблокирован egress-политикой, проверяется только через поисковый индекс
S117	https://pubmed.ncbi.nlm.nih.gov/40388976/	000	заблокирован egress-политикой, проверяется только через поисковый индекс
S118	https://www.gesetze-im-internet.de/sgb_5/__65a.html	000	заблокирован egress-политикой, проверяется только через поисковый индекс
S119	https://infocuria.curia.europa.eu/tabs/redirect/juris/document/document.jsf?docid=160935&doclang=EN	000	заблокирован egress-политикой, проверяется только через поисковый индекс
S120	https://infocuria.curia.europa.eu/tabs/redirect/juris/document/document_print.jsf?docid=160935&doclang=EN	000	заблокирован egress-политикой, проверяется только через поисковый индекс
S121	https://www.legifrance.gouv.fr/codes/article_lc/LEGIARTI000031918053	000	заблокирован egress-политикой, проверяется только через поисковый индекс
S122	https://www.legifrance.gouv.fr/loda/id/JORFTEXT000033922943/	000	заблокирован egress-политикой, проверяется только через поисковый индекс
S123	https://www.legifrance.gouv.fr/codes/article_lc/LEGIARTI000041466290	000	заблокирован egress-политикой, проверяется только через поисковый индекс
S124	https://www.legifrance.gouv.fr/loda/article_lc/JORFARTI000001143058/2026-03-24	000	заблокирован egress-политикой, проверяется только через поисковый индекс
S125	https://www.legifrance.gouv.fr/loda/id/LEGITEXT000006055557	000	заблокирован egress-политикой, проверяется только через поисковый индекс
S126	https://www.legifrance.gouv.fr/codes/article_lc/LEGIARTI000045764857/2022-05-07	000	заблокирован egress-политикой, проверяется только через поисковый индекс
S127	https://pubmed.ncbi.nlm.nih.gov/35570062/	000	заблокирован egress-политикой, проверяется только через поисковый индекс
S128	https://pmc.ncbi.nlm.nih.gov/articles/PMC8819797/	000	заблокирован egress-политикой, проверяется только через поисковый индекс
S129	https://www.zorginstituutnederland.nl/documenten/2024/07/12/gvs-advies-semaglutide-wegovy-bij-obesitas	000	заблокирован egress-политикой, проверяется только через поисковый индекс
S130	https://isap.sejm.gov.pl/isap.nsf/download.xsp/WDU20200001492/T/D20201492L.pdf	000	заблокирован egress-политикой, проверяется только через поисковый индекс
S131	https://www.gov.pl/web/ijhars/podatek-cukrowy	000	заблокирован egress-политикой, проверяется только через поисковый индекс
S132	https://www.fm.gov.lv/lv/nodokla-likmes	000	заблокирован egress-политикой, проверяется только через поисковый индекс
S133	https://m.likumi.lv/ta/id/81066-par-akcizes-nodokli	000	заблокирован egress-политикой, проверяется только через поисковый индекс
S134	https://www.vero.fi/syventavat-vero-ohjeet/ohje-hakusivu/56208/virvoitusjuomaver/	000	заблокирован egress-политикой, проверяется только через поисковый индекс
S135	https://www.finlex.fi/fi/hallituksen-esitykset/2019/27	000	заблокирован egress-политикой, проверяется только через поисковый индекс
S136	https://www.regjeringen.no/no/dokumenter/nou-2022-20/id2951826/?ch=16	000	заблокирован egress-политикой, проверяется только через поисковый индекс
S137	https://pmc.ncbi.nlm.nih.gov/articles/PMC7491168/	000	заблокирован egress-политикой, проверяется только через поисковый индекс
S138	https://pmc.ncbi.nlm.nih.gov/articles/PMC4498278/	000	заблокирован egress-политикой, проверяется только через поисковый индекс
S139	https://www.bag.admin.ch/dam/de/sd-web/4UEBFvIzBFFM/wegovy-neuaufnahme-01-03-2024.pdf	000	заблокирован egress-политикой, проверяется только через поисковый индекс
S140	https://www.bag.admin.ch/dam/fr/sd-web/zo5pElZKCzLb/WEGOVY%20Limitations%C3%A4nderung%2001.05.2025%20befristet	000	заблокирован egress-политикой, проверяется только через поисковый индекс
S141	https://pmc.ncbi.nlm.nih.gov/articles/PMC9012158/	000	заблокирован egress-политикой, проверяется только через поисковый индекс
S142	https://minzdrav.gov.by/ru/novoe-na-sayte/kommentariy-k-postanovleniyam-ministerstva-zdravookhraneniya-94-i-95	000	заблокирован egress-политикой, проверяется только через поисковый индекс
S143	https://www.kmu.gov.ua/news/z-1-zhovtnya-paciyenti-zmozhut-otrimati-insulini-za-programoyu-dostupni-liki-nszu	000	заблокирован egress-политикой, проверяется только через поисковый индекс
S144	https://moz.gov.ua/uk/preparati-dlja-likuvannja-diabetu-i-tipu-ta-necukrovogo-diabetu-vkljucheno-do-nacionalno	000	заблокирован egress-политикой, проверяется только через поисковый индекс
S145	https://www.gov.ie/en/department-of-health/press-releases/government-welcomes-european-commission-approval-of-	000	заблокирован egress-политикой, проверяется только через поисковый индекс
S146	https://pubmed.ncbi.nlm.nih.gov/27481150/	000	заблокирован egress-политикой, проверяется только через поисковый индекс
S147	https://www.congress.gov/bill/117th-congress/house-bill/5376	000	заблокирован egress-политикой, проверяется только через поисковый индекс
S148	https://www.ecfr.gov/current/title-29/subtitle-B/chapter-XXV/subchapter-L/part-2590/subpart-B/section-2590.702	000	заблокирован egress-политикой, проверяется только через поисковый индекс
S149	https://www.arkleg.state.ar.us/Home/FTPDocument?path=%2FAssembly%2FMeeting+Attachments%2F410%2FI14319%2FEX+H1+	000	заблокирован egress-политикой, проверяется только через поисковый индекс
S150	https://www.federalregister.gov/documents/2018/09/19/2018-20161/qualifications-of-drivers-diabetes-standard	000	заблокирован egress-политикой, проверяется только через поисковый индекс
S151	https://pmc.ncbi.nlm.nih.gov/articles/PMC7511432/	000	заблокирован egress-политикой, проверяется только через поисковый индекс
S152	https://www.legislature.mi.gov/mileg.aspx%3Fpage%3DgetObject%26objectname%3Dmcl-37-2202	000	заблокирован egress-политикой, проверяется только через поисковый индекс
S153	https://dof.gob.mx/normasOficiales/8150/seeco11_C/seeco11_C.html	000	заблокирован egress-политикой, проверяется только через поисковый индекс
S154	https://www.bcn.cl/leychile/navegar?idNorma=1041570	000	заблокирован egress-политикой, проверяется только через поисковый индекс
S155	https://www.boletinoficial.gob.ar/detalleAviso/primera/252728/20211112	000	заблокирован egress-политикой, проверяется только через поисковый индекс
S156	https://rest.hcdn.gob.ar/web/proyectos/291968/adjuntos/105773	000	заблокирован egress-политикой, проверяется только через поисковый индекс
S157	https://www.funcionpublica.gov.co/eva/gestornormativo/norma.php?i=199883	000	заблокирован egress-политикой, проверяется только через поисковый индекс
S158	https://www.argentina.gob.ar/normativa/nacional/norma-144033/texto	000	заблокирован egress-политикой, проверяется только через поисковый индекс
S159	https://www.cms.gov/newsroom/press-releases/coming-soon-cms-provide-50-monthly-access-glp-1-medications-medica	000	заблокирован egress-политикой, проверяется только через поисковый индекс
S160	https://www.medicare.gov/publications/12234-medicare-glp-1-bridge-glp-1-drugs-for-50-a-month.pdf	000	заблокирован egress-политикой, проверяется только через поисковый индекс
S161	https://www.cms.gov/newsroom/fact-sheets/contract-year-2026-policy-and-technical-changes-medicare-advantage-pr	000	заблокирован egress-политикой, проверяется только через поисковый индекс
S162	https://www.in.gov.br/en/web/dou/-/resolucao-de-diretoria-colegiada-rdc-n-429-de-8-de-outubro-de-2020-28207059	000	заблокирован egress-политикой, проверяется только через поисковый индекс
S163	https://www.gov.br/anvisa/pt-br/assuntos/noticias-anvisa/2025/canetas-emagrecedoras-so-poderao-ser-vendidas-co	000	заблокирован egress-политикой, проверяется только через поисковый индекс
S164	https://www.gov.br/anvisa/pt-br/assuntos/noticias-anvisa/2025/anvisa-esclarece-sobre-proibicao-de-ingresso-de-	000	заблокирован egress-политикой, проверяется только через поисковый индекс
S165	https://www.congresooaxaca.gob.mx/docs64.congresooaxaca.gob.mx/documents/dictamen/1184.pdf	000	заблокирован egress-политикой, проверяется только через поисковый индекс
S166	https://www.gov.bm/articles/sugar-tax	000	заблокирован egress-политикой, проверяется только через поисковый индекс
S167	https://www.nyc.gov/site/cchr/media/height-and-weight.page	000	заблокирован egress-политикой, проверяется только через поисковый индекс
S168	https://www.dof.gob.mx/nota_detalle.php?codigo=5740005&fecha=30/09/2024	000	заблокирован egress-политикой, проверяется только через поисковый индекс
S169	https://www.bcn.cl/api-leyfacil/servicio/ObtenerGuiaPublicadaHTML?uri=plan-ges-ex-auge	000	заблокирован egress-политикой, проверяется только через поисковый индекс
S170	https://www.gob.pe/1066-ministerio-de-salud-conoce-las-advertencias-publicitarias-octogonos	000	заблокирован egress-политикой, проверяется только через поисковый индекс
S171	https://www.faa.gov/newsroom/new-protocols-diabetics-seeking-air-transport-and-commercial-pilots-medical-certi	000	заблокирован egress-политикой, проверяется только через поисковый индекс
S172	https://law.justia.com/cases/washington/supreme-court/2019/96335-5.html	000	заблокирован egress-политикой, проверяется только через поисковый индекс
S173	https://www.funcionpublica.gov.co/eva/gestornormativo/norma.php?i=168029	000	заблокирован egress-политикой, проверяется только через поисковый индекс
S174	https://fssai.gov.in/docs/food-law/regulations/Gazette_Notification_Safe_Food_Children_07_09_2020.pdf	000	заблокирован egress-политикой, проверяется только через поисковый индекс
S175	https://fssai.gov.in/cms/food-safety-and-standards-regulations.php	000	заблокирован egress-политикой, проверяется только через поисковый индекс
S176	https://pmc.ncbi.nlm.nih.gov/articles/PMC8477491/	000	заблокирован egress-политикой, проверяется только через поисковый индекс
S177	https://pubmed.ncbi.nlm.nih.gov/24561969/	000	заблокирован egress-политикой, проверяется только через поисковый индекс
S178	https://pubmed.ncbi.nlm.nih.gov/26078247/	000	заблокирован egress-политикой, проверяется только через поисковый индекс
S179	https://pmc.ncbi.nlm.nih.gov/articles/PMC11086919/	000	заблокирован egress-политикой, проверяется только через поисковый индекс
S180	https://cbseacademic.nic.in/web_material/Circulars/2025/26_Circular_2025.pdf	000	заблокирован egress-политикой, проверяется только через поисковый индекс
S181	https://cbseacademic.nic.in/web_material/Circulars/2025/45_Circular_2025.pdf	000	заблокирован egress-политикой, проверяется только через поисковый индекс
S182	https://www.pib.gov.in/PressReleasePage.aspx?PRID=2144885	000	заблокирован egress-политикой, проверяется только через поисковый индекс
S183	https://www.pib.gov.in/PressReleaseIframePage.aspx?PRID=1944600	000	заблокирован egress-политикой, проверяется только через поисковый индекс
S184	https://www.pib.gov.in/PressReleaseIframePage.aspx?PRID=2104884	000	заблокирован egress-политикой, проверяется только через поисковый индекс
S185	https://pubmed.ncbi.nlm.nih.gov/41472431/	000	заблокирован egress-политикой, проверяется только через поисковый индекс
S186	https://ncd.mohfw.gov.in/ncdlandingassets/aboutus.html	000	заблокирован egress-политикой, проверяется только через поисковый индекс
S187	https://pmc.ncbi.nlm.nih.gov/articles/PMC13386696/	000	заблокирован egress-политикой, проверяется только через поисковый индекс
S188	https://www.pib.gov.in/PressReleaseDetail.aspx?PRID=2163555	000	заблокирован egress-политикой, проверяется только через поисковый индекс
S189	https://courier.cbic.gov.in/ECCS/advisory/2025/NOTIFICATION%20NO.%209_2025-INTEGRATED%20TAX%20(RATE	000	заблокирован egress-политикой, проверяется только через поисковый индекс
S190	https://pmc.ncbi.nlm.nih.gov/articles/PMC10580107/	000	заблокирован egress-политикой, проверяется только через поисковый индекс
S191	https://pubmed.ncbi.nlm.nih.gov/41247585/	000	заблокирован egress-политикой, проверяется только через поисковый индекс
S192	https://irdai.gov.in/	000	заблокирован egress-политикой, проверяется только через поисковый индекс
S193	https://nppa.gov.in/1540e	000	заблокирован egress-политикой, проверяется только через поисковый индекс
S194	https://www.pib.gov.in/PressReleasePage.aspx?PRID=2154217	000	заблокирован egress-политикой, проверяется только через поисковый индекс
S195	https://pubmed.ncbi.nlm.nih.gov/32552127/	000	заблокирован egress-политикой, проверяется только через поисковый индекс
S196	https://eohfs.health.gov.lk/food/images/2319-42_E.pdf	000	заблокирован egress-политикой, проверяется только через поисковый индекс
S197	https://apps.fas.usda.gov/newgainapi/api/Report/DownloadReportByFileName?fileName=FAIRS%20Country%20Report%20A	000	заблокирован egress-политикой, проверяется только через поисковый индекс
S198	https://pubmed.ncbi.nlm.nih.gov/34872840/	000	заблокирован egress-политикой, проверяется только через поисковый индекс
S199	https://pmc.ncbi.nlm.nih.gov/articles/PMC12351034/	000	заблокирован egress-политикой, проверяется только через поисковый индекс
S200	https://eohfs.health.gov.lk/food/index.php?option=com_content&view=article&id=18&Itemid=159&lang=en	000	заблокирован egress-политикой, проверяется только через поисковый индекс
S201	https://pmc.ncbi.nlm.nih.gov/articles/PMC10795608/	000	заблокирован egress-политикой, проверяется только через поисковый индекс
S202	https://pubmed.ncbi.nlm.nih.gov/28013557/	000	заблокирован egress-политикой, проверяется только через поисковый индекс
S203	https://iris.who.int/server/api/core/bitstreams/9dc39e4a-e2ba-4ae3-b10e-579101605264/content	000	заблокирован egress-политикой, проверяется только через поисковый индекс
S204	https://pubmed.ncbi.nlm.nih.gov/36988952/	000	заблокирован egress-политикой, проверяется только через поисковый индекс
S205	https://pmc.ncbi.nlm.nih.gov/articles/PMC13386411/	000	заблокирован egress-политикой, проверяется только через поисковый индекс
S206	https://www.sars.gov.za/customs-and-excise/excise/health-promotion-levy-on-sugary-beverages/	000	заблокирован egress-политикой, проверяется только через поисковый индекс
S207	https://www.sars.gov.za/media-release/sars-to-collect-sugar-tax-from-1-april-2018/	000	заблокирован egress-политикой, проверяется только через поисковый индекс
S208	https://pmc.ncbi.nlm.nih.gov/articles/PMC9617427/	000	заблокирован egress-политикой, проверяется только через поисковый индекс
S209	https://www.health.gov.za/wp-content/uploads/2023/05/R3337-Draft-Labelling-Regulations-21-April-2023-sc-compre	000	заблокирован egress-политикой, проверяется только через поисковый индекс
S210	https://www.health.gov.za/food-control-regulations/	000	заблокирован egress-политикой, проверяется только через поисковый индекс
S211	https://pubmed.ncbi.nlm.nih.gov/39041537/	000	заблокирован egress-политикой, проверяется только через поисковый индекс
S212	https://www.medicalschemes.co.za/resources/pmb/	000	заблокирован egress-политикой, проверяется только через поисковый индекс
S213	https://www.medicalschemes.co.za/cmscript-9-of-2022-focus-on-diabetes-mellitus-type-2/	000	заблокирован egress-политикой, проверяется только через поисковый индекс
S214	https://pubmed.ncbi.nlm.nih.gov/24102989/	000	заблокирован egress-политикой, проверяется только через поисковый индекс
S215	https://pmc.ncbi.nlm.nih.gov/articles/PMC11095260/	000	заблокирован egress-политикой, проверяется только через поисковый индекс
S216	https://www.mra.mu/customs1/more-topics/excise-tax-on-sugar-content-of-sugar-sweetened-non-alcoholic-beverages	000	заблокирован egress-политикой, проверяется только через поисковый индекс
S217	https://www.mra.mu/download/AnnualReport2019_20.pdf	000	заблокирован egress-политикой, проверяется только через поисковый индекс
S218	https://pmc.ncbi.nlm.nih.gov/articles/PMC7725882/	000	заблокирован egress-политикой, проверяется только через поисковый индекс
S219	https://www.afro.who.int/news/seychelles-introduces-sugary-drink-tax	000	заблокирован egress-политикой, проверяется только через поисковый индекс
S220	https://dailynews.gov.bw/news-detail/60732	000	заблокирован egress-политикой, проверяется только через поисковый индекс
S221	https://pmc.ncbi.nlm.nih.gov/articles/PMC13299423/	000	заблокирован egress-политикой, проверяется только через поисковый индекс
S222	https://pmc.ncbi.nlm.nih.gov/articles/PMC8079030/	000	заблокирован egress-политикой, проверяется только через поисковый индекс
S223	https://pmc.ncbi.nlm.nih.gov/articles/PMC8079049/	000	заблокирован egress-политикой, проверяется только через поисковый индекс
S224	https://pmc.ncbi.nlm.nih.gov/articles/PMC9113088/	000	заблокирован egress-политикой, проверяется только через поисковый индекс
S225	https://pmc.ncbi.nlm.nih.gov/articles/PMC9950544/	000	заблокирован egress-политикой, проверяется только через поисковый индекс
S226	https://pubmed.ncbi.nlm.nih.gov/41974918/	000	заблокирован egress-политикой, проверяется только через поисковый индекс
S227	https://servicios.infoleg.gob.ar/infolegInternet/anexos/140000-144999/144033/norma.htm	000	заблокирован egress-политикой, проверяется только через поисковый индекс
S228	pmid:32621054	-	не URL
S229	pmcid:PMC8819797	-	не URL
S230	pmid:21545019	-	не URL
S231	https://www.supersalud.gob.cl/tax-temas-de-orientacion/garantias-explicitas-en-salud-ges-1962/	000	заблокирован egress-политикой, проверяется только через поисковый индекс
S232	https://www.gov.br/conitec/pt-br/midias/relatorios/portaria/2025/portaria-sectics-ms-no-65-de-15-de-setembro-d	000	заблокирован egress-политикой, проверяется только через поисковый индекс
S233	pmcid:PMC10853087	-	не URL
S234	https://www.mhlw.go.jp/content/10900000/001231390.pdf	000	заблокирован egress-политикой, проверяется только через поисковый индекс
S235	pmcid:PMC4008026	-	не URL
S236	https://anzeninfo.mhlw.go.jp/yougo/yougo51_1.html	000	заблокирован egress-политикой, проверяется только через поисковый индекс
S237	https://www.law.go.kr/lsLinkCommonInfo.do?lsJoLnkSeq=1032088229	000	заблокирован egress-политикой, проверяется только через поисковый индекс
S238	pmid:26115907	-	не URL
S239	pmcid:PMC5808566	-	не URL
S240	pmcid:PMC10195514	-	не URL
S241	https://adilet.zan.kz/rus/docs/V2200028747	000	заблокирован egress-политикой, проверяется только через поисковый индекс
S242	pmcid:PMC4499092	-	не URL
S243	pmid:20620423	-	не URL
S244	pmcid:PMC9871961	-	не URL
S245	https://www.mhlw.go.jp/content/12401000/001294108.pdf	000	заблокирован egress-политикой, проверяется только через поисковый индекс
S246	https://www.mhlw.go.jp/content/12401000/000761454.pdf	000	заблокирован egress-политикой, проверяется только через поисковый индекс
S247	pmid:26477217	-	не URL
S248	pmid:22311393	-	не URL
S249	pmcid:PMC5341431	-	не URL
S250	https://iris.who.int/items/5d18a875-6e4a-43bb-a692-45738665a1c3	000	заблокирован egress-политикой, проверяется только через поисковый индекс
S251	https://iris.who.int/bitstreams/4e7583cd-301c-4026-87b8-010068c5a1e1/download	000	заблокирован egress-политикой, проверяется только через поисковый индекс
S252	pmid:25351647	-	не URL
S253	pmid:31472286	-	не URL
S254	pmcid:PMC6357562	-	не URL
S255	pmcid:PMC11850257	-	не URL
S256	pmcid:PMC6029755	-	не URL
S257	pmcid:PMC7660521	-	не URL
S258	pmcid:PMC11918417	-	не URL
S259	pmid:32302767	-	не URL
S260	pmcid:PMC9379233	-	не URL
S261	pmcid:PMC10580107	-	не URL
S262	pmcid:PMC10200428	-	не URL
S263	pmcid:PMC12911691	-	не URL
S264	pmcid:PMC10195599	-	не URL
S265	pmcid:PMC7350205	-	не URL
S266	https://pmc.ncbi.nlm.nih.gov/articles/PMC12151437/	000	заблокирован egress-политикой, проверяется только через поисковый индекс
S267	pmid:36988952	-	не URL
S268	pmid:32471769	-	не URL
S269	pmcid:PMC10565185	-	не URL
S270	pmid:34097355	-	не URL
S271	https://www.wto.org/english/thewto_e/minist_e/min11_e/brief_samoa_e.htm	000	заблокирован egress-политикой, проверяется только через поисковый индекс
S272	pmcid:PMC4007633	-	не URL
S273	pmid:16713397	-	не URL
S274	https://www.who.int/news/item/24-06-2024-WHO-5-year-milestone-report-on-global-transfat-elimination-illustrate	000	заблокирован egress-политикой, проверяется только через поисковый индекс
S275	https://e-seimas.lrs.lt/portal/legalActPrint/lt?jfwid=-17i2t41wm2&documentId=TAIS.439301&category=TAK	000	заблокирован egress-политикой, проверяется только через поисковый индекс
S276	https://m.likumi.lv/ta/id/280078-energijas-dzerienu-aprites-likums	000	заблокирован egress-политикой, проверяется только через поисковый индекс
S277	pmcid:PMC11960718	-	не URL
S278	pmid:30549191	-	не URL
S279	pmid:25928991	-	не URL
S280	https://www.bcn.cl/leychile/Navegar?idNorma=1041570&idParte=9271898&idVersion=	000	заблокирован egress-политикой, проверяется только через поисковый индекс
S281	pmcid:PMC7012389	-	не URL
S282	pmid:36913461	-	не URL
S283	pmcid:PMC13277477	-	не URL
S284	https://www.hpb.gov.sg/healthy-living/food-and-beverage/nutri-grade/	000	заблокирован egress-политикой, проверяется только через поисковый индекс
S285	https://www.regjeringen.no/no/aktuelt/nytt-markedsforingsforbud/id3126894/	000	заблокирован egress-политикой, проверяется только через поисковый индекс
S286	pmcid:PMC8356694	-	не URL
S287	pmid:28013557	-	не URL
S288	pmcid:PMC10795608	-	не URL
S289	pmid:33355396	-	не URL
S290	pmcid:PMC9950544	-	не URL
S291	pmid:14979266	-	не URL
S292	pmid:24975313	-	не URL
S293	https://www.gov.uk/diabetes-driving	000	заблокирован egress-политикой, проверяется только через поисковый индекс
S294	https://eur-lex.europa.eu/legal-content/EN/TXT/PDF/?uri=CELEX:02006L0126-20180722	000	заблокирован egress-политикой, проверяется только через поисковый индекс
S295	pmid:23215789	-	не URL
S296	https://www.fmcsa.dot.gov/taxonomy/term/376?page=2	000	заблокирован egress-политикой, проверяется только через поисковый индекс
S297	https://www.fmcsa.dot.gov/regulations/medical/insulin-treated-diabetes-mellitus-assessment-form-mcsa-5870	000	заблокирован egress-политикой, проверяется только через поисковый индекс
S298	https://austroads.gov.au/publications/assessing-fitness-to-drive/ap-g56/diabetes-mellitus/medical-standards-fo	000	заблокирован egress-политикой, проверяется только через поисковый индекс
S299	pmid:36050848	-	не URL
S300	pmid:31331425	-	не URL
S301	pmid:28471559	-	не URL
S302	pmcid:PMC6134313	-	не URL
S303	pmid:16173683	-	не URL
S304	pmcid:PMC13242632	-	не URL
S305	pmcid:PMC11325206	-	не URL
S306	pmid:39102595	-	не URL
S307	pmid:42515931	-	не URL
S308	https://www.cr.piemonte.it/infolegint/visualizzaDocumentoSchede.do?idDocumento=15210	000	заблокирован egress-политикой, проверяется только через поисковый индекс
S309	pmid:41491104	-	не URL
S310	pmid:36479649	-	не URL
S311	https://curia.europa.eu/site/jcms/qua1_5964/en/discrimination	000	заблокирован egress-политикой, проверяется только через поисковый индекс
S312	https://www.legislature.mi.gov/mileg.aspx?page=getObject&objectname=mcl-37-2202	000	заблокирован egress-политикой, проверяется только через поисковый индекс
S313	pmcid:PMC7511432	-	не URL
S314	https://harvardlawreview.org/print/vol-133/taylor-v-burlington-northern-railroad-holdings-inc/	000	заблокирован egress-политикой, проверяется только через поисковый индекс
S315	pmid:32557488	-	не URL
S316	pmcid:PMC11724133	-	не URL
S317	pmcid:PMC7869520	-	не URL
S318	pmid:33259610	-	не URL
S319	pmcid:PMC11349503	-	не URL
S320	pmid:28857065	-	не URL
S321	pmcid:PMC9238668	-	не URL
S322	pmcid:PMC13015732	-	не URL
S323	pmid:18681336	-	не URL
S324	pmcid:PMC5168560	-	не URL
S325	pmid:33361668	-	не URL
S326	pmid:21447522	-	не URL
S327	pmid:23921988	-	не URL
S328	pmcid:PMC4498278	-	не URL
S329	pmcid:PMC11695118	-	не URL
S330	pmid:41921494	-	не URL
S331	pmcid:PMC11086919	-	не URL
S332	pmid:39722630	-	не URL
S333	pmid:12074195	-	не URL
S334	https://pmc.ncbi.nlm.nih.gov/articles/PMC5906184/	000	заблокирован egress-политикой, проверяется только через поисковый индекс
S335	https://pubmed.ncbi.nlm.nih.gov/41790001/	000	заблокирован egress-политикой, проверяется только через поисковый индекс
S336	https://www.mhlw.go.jp/stf/newpage_73524.html	000	заблокирован egress-политикой, проверяется только через поисковый индекс
S337	https://pmc.ncbi.nlm.nih.gov/articles/PMC2769976/	000	заблокирован egress-политикой, проверяется только через поисковый индекс
S338	https://www.immigration.govt.nz/opsmanual/82036.htm	000	заблокирован egress-политикой, проверяется только через поисковый индекс
S339	https://pmc.ncbi.nlm.nih.gov/articles/PMC5689196/	000	заблокирован egress-политикой, проверяется только через поисковый индекс
S340	https://pubmed.ncbi.nlm.nih.gov/30388231/	000	заблокирован egress-политикой, проверяется только через поисковый индекс
S341	https://pmc.ncbi.nlm.nih.gov/articles/PMC8626938/	000	заблокирован egress-политикой, проверяется только через поисковый индекс
S342	https://pmc.ncbi.nlm.nih.gov/articles/PMC4007633/	000	заблокирован egress-политикой, проверяется только через поисковый индекс
S343	https://www.nhc.gov.cn/bgt/c100023/202602/73b8afd52eff4be4980ac5431cefa190.shtml	000	заблокирован egress-политикой, проверяется только через поисковый индекс
S344	https://pmc.ncbi.nlm.nih.gov/articles/PMC11724133/	000	заблокирован egress-политикой, проверяется только через поисковый индекс
S345	https://www.moh.gov.sg/newsroom/mandatory-nutrition-labelling-and-advertising-prohibitions-for-nutri-grade-bev	000	заблокирован egress-политикой, проверяется только через поисковый индекс
S346	https://pmc.ncbi.nlm.nih.gov/articles/PMC7869520/	000	заблокирован egress-политикой, проверяется только через поисковый индекс
S347	https://pubmed.ncbi.nlm.nih.gov/30549191/	000	заблокирован egress-политикой, проверяется только через поисковый индекс
S348	https://pmc.ncbi.nlm.nih.gov/articles/PMC6615240/	000	заблокирован egress-политикой, проверяется только через поисковый индекс
S349	https://pmc.ncbi.nlm.nih.gov/articles/PMC13448568/	000	заблокирован egress-политикой, проверяется только через поисковый индекс
S350	https://pmc.ncbi.nlm.nih.gov/articles/PMC10157591/	000	заблокирован egress-политикой, проверяется только через поисковый индекс
S351	https://www.congresooaxaca.gob.mx/docs65.congresooaxaca.gob.mx/gaceta/20231122a/21.pdf	000	заблокирован egress-политикой, проверяется только через поисковый индекс
S352	https://www.cms.gov/newsroom/fact-sheets/anniversary-inflation-reduction-act-update-cms-implementation	000	заблокирован egress-политикой, проверяется только через поисковый индекс
S353	https://pubmed.ncbi.nlm.nih.gov/42378410/	000	заблокирован egress-политикой, проверяется только через поисковый индекс
S354	https://pubmed.ncbi.nlm.nih.gov/23734399/	000	заблокирован egress-политикой, проверяется только через поисковый индекс
S355	https://pubmed.ncbi.nlm.nih.gov/18076417/	000	заблокирован egress-политикой, проверяется только через поисковый индекс
S356	https://pubmed.ncbi.nlm.nih.gov/25440454/	000	заблокирован egress-политикой, проверяется только через поисковый индекс
S357	https://pubmed.ncbi.nlm.nih.gov/23396236/	000	заблокирован egress-политикой, проверяется только через поисковый индекс
S358	https://pubmed.ncbi.nlm.nih.gov/30531767/	000	заблокирован egress-политикой, проверяется только через поисковый индекс
S359	https://www.retsinformation.dk/api/pdf/143968	000	заблокирован egress-политикой, проверяется только через поисковый индекс
S360	https://pubmed.ncbi.nlm.nih.gov/25982852/	000	заблокирован egress-политикой, проверяется только через поисковый индекс
S361	https://www.dst.dk/nytpdf/46520	000	заблокирован egress-политикой, проверяется только через поисковый индекс
S362	https://www.dst.dk/nyt/49805	000	заблокирован egress-политикой, проверяется только через поисковый индекс
S363	https://njt.hu/jogszabaly/2011-103-00-00.5	000	заблокирован egress-политикой, проверяется только через поисковый индекс
S364	https://njt.hu/jogszabaly/2011-103-00-00.13	000	заблокирован egress-политикой, проверяется только через поисковый индекс
S365	https://www.pbs.gov.au/reviews/obesity-treatments-files/OBESITY-Consumer-input-summary.PDF	000	заблокирован egress-политикой, проверяется только через поисковый индекс
S366	https://www.pbs.gov.au/reviews/obesity-treatments-files/PBAC-advice-on-GLP1.PDF	000	заблокирован egress-политикой, проверяется только через поисковый индекс
S367	https://pubmed.ncbi.nlm.nih.gov/37185039/	000	заблокирован egress-политикой, проверяется только через поисковый индекс
S368	https://eur-lex.europa.eu/legal-content/EN/TXT/HTML/?uri=CELEX:02006L0126-20201101	000	заблокирован egress-политикой, проверяется только через поисковый индекс
S369	https://eur-lex.europa.eu/LexUriServ/LexUriServ.do?uri=OJ:L:2009:223:0031:0035:EN:PDF	000	заблокирован egress-политикой, проверяется только через поисковый индекс
S370	https://www.faa.gov/ame_guide/dec_cons/disease_prot/itdm	000	заблокирован egress-политикой, проверяется только через поисковый индекс
S371	https://pubmed.ncbi.nlm.nih.gov/36050848/	000	заблокирован egress-политикой, проверяется только через поисковый индекс
S372	https://pmc.ncbi.nlm.nih.gov/articles/PMC13190499/	000	заблокирован egress-политикой, проверяется только через поисковый индекс
S373	https://infocuria.curia.europa.eu/tabs/redirect/juris/liste.jsf?num=C-354/13	000	заблокирован egress-политикой, проверяется только через поисковый индекс
S374	https://pubmed.ncbi.nlm.nih.gov/41138743/	000	заблокирован egress-политикой, проверяется только через поисковый индекс
S375	https://pubmed.ncbi.nlm.nih.gov/41491104/	000	заблокирован egress-политикой, проверяется только через поисковый индекс
S376	https://pubmed.ncbi.nlm.nih.gov/36479649/	000	заблокирован egress-политикой, проверяется только через поисковый индекс
S377	https://pubmed.ncbi.nlm.nih.gov/34087168/	000	заблокирован egress-политикой, проверяется только через поисковый индекс
S378	https://www.moh.gov.sa/en/ministry/mediacenter/news/pages/news-2017-02-13-004.aspx	000	заблокирован egress-политикой, проверяется только через поисковый индекс
S379	https://pmc.ncbi.nlm.nih.gov/articles/PMC11218882/	000	заблокирован egress-политикой, проверяется только через поисковый индекс
S380	https://pmc.ncbi.nlm.nih.gov/articles/PMC8544408/	000	заблокирован egress-политикой, проверяется только через поисковый индекс
S381	https://pmc.ncbi.nlm.nih.gov/articles/PMC10661595/	000	заблокирован egress-политикой, проверяется только через поисковый индекс
S382	https://www.moh.gov.sa/en/ministry/mediacenter/news/pages/news-2021-04-13-001.aspx	000	заблокирован egress-политикой, проверяется только через поисковый индекс
S383	https://mohap.gov.ae/en/assets/686b4f1a/national-school-health-screening-guideline-2024-pdf.aspx	000	заблокирован egress-политикой, проверяется только через поисковый индекс
S384	https://mohap.gov.ae/en/w/mohap-hosts-two-training-workshops-on-how-to-promote-health-in-schools-manage-childh	000	заблокирован egress-политикой, проверяется только через поисковый индекс
S385	https://www.moph.gov.qa/_layouts/download.aspx?SourceUrl=/Admin/Lists/ClinicalGuidelinesAttachments/Attachment	000	заблокирован egress-политикой, проверяется только через поисковый индекс
S386	https://hiap.moph.gov.qa/EN/Documents/Library/Policy%20Framework.pdf	000	заблокирован egress-политикой, проверяется только через поисковый индекс
S387	https://www.healthnz.govt.nz/health-topics/tests-and-treatments/surgery/bariatric-weight-loss-surgery	000	заблокирован egress-политикой, проверяется только через поисковый индекс
S388	https://iris.who.int/server/api/core/bitstreams/74b12494-f213-4b5b-9533-18442147e1fb/content	000	заблокирован egress-политикой, проверяется только через поисковый индекс
S389	https://sis.gov.eg/en/media-center/news/health-ministry-over-212-million-citizens-screened-in-chronic-disease-	000	заблокирован egress-политикой, проверяется только через поисковый индекс
S390	https://pubmed.ncbi.nlm.nih.gov/27522602/	000	заблокирован egress-политикой, проверяется только через поисковый индекс
S391	https://pmc.ncbi.nlm.nih.gov/articles/PMC9797649/	000	заблокирован egress-политикой, проверяется только через поисковый индекс
S392	https://www.cdc.gov/diabetes/diabetes-complications/diabetes-and-your-feet.html	000	заблокирован egress-политикой, проверяется только через поисковый индекс
S393	https://pmc.ncbi.nlm.nih.gov/articles/PMC7311555/	000	заблокирован egress-политикой, проверяется только через поисковый индекс
S394	https://pmc.ncbi.nlm.nih.gov/articles/PMC6755905/	000	заблокирован egress-политикой, проверяется только через поисковый индекс
S395	https://pmc.ncbi.nlm.nih.gov/articles/PMC6736218/	000	заблокирован egress-политикой, проверяется только через поисковый индекс
S396	https://pmc.ncbi.nlm.nih.gov/articles/PMC6676757/	000	заблокирован egress-политикой, проверяется только через поисковый индекс
S397	https://pubmed.ncbi.nlm.nih.gov/38521116/	000	заблокирован egress-политикой, проверяется только через поисковый индекс
S398	https://pubmed.ncbi.nlm.nih.gov/18807673/	000	заблокирован egress-политикой, проверяется только через поисковый индекс
S399	https://pubmed.ncbi.nlm.nih.gov/17320536/	000	заблокирован egress-политикой, проверяется только через поисковый индекс
S400	https://pubmed.ncbi.nlm.nih.gov/9855615/	000	заблокирован egress-политикой, проверяется только через поисковый индекс
S401	https://pubmed.ncbi.nlm.nih.gov/34176074/	000	заблокирован egress-политикой, проверяется только через поисковый индекс
S402	https://pubmed.ncbi.nlm.nih.gov/28799294/	000	заблокирован egress-политикой, проверяется только через поисковый индекс
S403	https://www.cdc.gov/pcd/issues/2025/24_0287.htm	000	заблокирован egress-политикой, проверяется только через поисковый индекс
S404	https://www.cdc.gov/diabetes/living-with/mental-health.html	000	заблокирован egress-политикой, проверяется только через поисковый индекс
S405	https://pubmed.ncbi.nlm.nih.gov/20194822/	000	заблокирован egress-политикой, проверяется только через поисковый индекс
S406	https://pubmed.ncbi.nlm.nih.gov/31430566/	000	заблокирован egress-политикой, проверяется только через поисковый индекс
S407	https://pmc.ncbi.nlm.nih.gov/articles/PMC10999051/	000	заблокирован egress-политикой, проверяется только через поисковый индекс
S408	https://pmc.ncbi.nlm.nih.gov/articles/PMC3949699/	000	заблокирован egress-политикой, проверяется только через поисковый индекс
S409	https://pmc.ncbi.nlm.nih.gov/articles/PMC5615610/	000	заблокирован egress-политикой, проверяется только через поисковый индекс
S410	https://www.niddk.nih.gov/health-information/diabetes/overview/preventing-problems/sexual-bladder-problems	000	заблокирован egress-политикой, проверяется только через поисковый индекс
S411	https://pmc.ncbi.nlm.nih.gov/articles/PMC12306871/	000	заблокирован egress-политикой, проверяется только через поисковый индекс
S412	https://pubmed.ncbi.nlm.nih.gov/27930282/	000	заблокирован egress-политикой, проверяется только через поисковый индекс
S413	https://pubmed.ncbi.nlm.nih.gov/36918326/	000	заблокирован egress-политикой, проверяется только через поисковый индекс
S414	https://pubmed.ncbi.nlm.nih.gov/33855769/	000	заблокирован egress-политикой, проверяется только через поисковый индекс
S415	https://pubmed.ncbi.nlm.nih.gov/39059544/	000	заблокирован egress-политикой, проверяется только через поисковый индекс
S416	https://pubmed.ncbi.nlm.nih.gov/30062467/	000	заблокирован egress-политикой, проверяется только через поисковый индекс
S417	https://pubmed.ncbi.nlm.nih.gov/37814558/	000	заблокирован egress-политикой, проверяется только через поисковый индекс
S418	https://pubmed.ncbi.nlm.nih.gov/27188054/	000	заблокирован egress-политикой, проверяется только через поисковый индекс
S419	https://pmc.ncbi.nlm.nih.gov/articles/PMC8986695/	000	заблокирован egress-политикой, проверяется только через поисковый индекс
S420	https://pubmed.ncbi.nlm.nih.gov/11192327/	000	заблокирован egress-политикой, проверяется только через поисковый индекс
S421	https://pmc.ncbi.nlm.nih.gov/articles/PMC9210010/	000	заблокирован egress-политикой, проверяется только через поисковый индекс
S422	https://pmc.ncbi.nlm.nih.gov/articles/PMC12536186/	000	заблокирован egress-политикой, проверяется только через поисковый индекс
S423	https://pmc.ncbi.nlm.nih.gov/articles/PMC13436241/	000	заблокирован egress-политикой, проверяется только через поисковый индекс
S424	https://pubmed.ncbi.nlm.nih.gov/26696565/	000	заблокирован egress-политикой, проверяется только через поисковый индекс
S425	https://pmc.ncbi.nlm.nih.gov/articles/PMC7218708/	000	заблокирован egress-политикой, проверяется только через поисковый индекс
S426	https://pubmed.ncbi.nlm.nih.gov/22978257/	000	заблокирован egress-политикой, проверяется только через поисковый индекс
S427	https://pmc.ncbi.nlm.nih.gov/articles/PMC4911848/	000	заблокирован egress-политикой, проверяется только через поисковый индекс
S428	https://pmc.ncbi.nlm.nih.gov/articles/PMC11057385/	000	заблокирован egress-политикой, проверяется только через поисковый индекс
S429	https://pubmed.ncbi.nlm.nih.gov/36967046/	000	заблокирован egress-политикой, проверяется только через поисковый индекс
S430	https://pmc.ncbi.nlm.nih.gov/articles/PMC8929179/	000	заблокирован egress-политикой, проверяется только через поисковый индекс
S431	https://pubmed.ncbi.nlm.nih.gov/38423026/	000	заблокирован egress-политикой, проверяется только через поисковый индекс
S432	https://pmc.ncbi.nlm.nih.gov/articles/PMC10425229/	000	заблокирован egress-политикой, проверяется только через поисковый индекс
S433	https://pmc.ncbi.nlm.nih.gov/articles/PMC8080906/	000	заблокирован egress-политикой, проверяется только через поисковый индекс
S434	https://pmc.ncbi.nlm.nih.gov/articles/PMC7154011/	000	заблокирован egress-политикой, проверяется только через поисковый индекс
S435	https://pubmed.ncbi.nlm.nih.gov/32720500/	000	заблокирован egress-политикой, проверяется только через поисковый индекс
S436	https://pubmed.ncbi.nlm.nih.gov/39400117/	000	заблокирован egress-политикой, проверяется только через поисковый индекс
S437	https://pubmed.ncbi.nlm.nih.gov/42262435/	000	заблокирован egress-политикой, проверяется только через поисковый индекс
S438	https://pmc.ncbi.nlm.nih.gov/articles/PMC12391755/	000	заблокирован egress-политикой, проверяется только через поисковый индекс
S439	https://pubmed.ncbi.nlm.nih.gov/39016372/	000	заблокирован egress-политикой, проверяется только через поисковый индекс
S440	https://pmc.ncbi.nlm.nih.gov/articles/PMC9542252/	000	заблокирован egress-политикой, проверяется только через поисковый индекс
S441	https://pmc.ncbi.nlm.nih.gov/articles/PMC12289294/	000	заблокирован egress-политикой, проверяется только через поисковый индекс
S442	https://pmc.ncbi.nlm.nih.gov/articles/PMC7310401/	000	заблокирован egress-политикой, проверяется только через поисковый индекс
S443	https://pmc.ncbi.nlm.nih.gov/articles/PMC5052557/	000	заблокирован egress-политикой, проверяется только через поисковый индекс
S444	https://pmc.ncbi.nlm.nih.gov/articles/PMC7448178/	000	заблокирован egress-политикой, проверяется только через поисковый индекс
S445	https://pmc.ncbi.nlm.nih.gov/articles/PMC10899289/	000	заблокирован egress-политикой, проверяется только через поисковый индекс
S446	https://pubmed.ncbi.nlm.nih.gov/37434278/	000	заблокирован egress-политикой, проверяется только через поисковый индекс
S447	https://pmc.ncbi.nlm.nih.gov/articles/PMC12574643/	000	заблокирован egress-политикой, проверяется только через поисковый индекс
S448	https://pubmed.ncbi.nlm.nih.gov/30383489/	000	заблокирован egress-политикой, проверяется только через поисковый индекс
S449	https://pubmed.ncbi.nlm.nih.gov/33955687/	000	заблокирован egress-политикой, проверяется только через поисковый индекс
S450	https://www.niddk.nih.gov/health-information/weight-management/prescription-medications-treat-overweight-obesi	000	заблокирован egress-политикой, проверяется только через поисковый индекс
