rank_abs,Entity,Code,y2016,abs_change_pp,atlas2025_adult_highBMI_2025_pct,atlas2025_adult_obesity_2025_pct,atlas2025_obese_adults_2015_thousands,atlas2025_obese_adults_2030_thousands,atlas2023_annual_increase_adult_obesity_2020_2035_pct,atlas2023_adult_obesity_2035_pct,atlas2022_adult_obesity_2030_pct,atlas2022_annual_increase_adult_obesity_2010_2030_pct,atlas2022_men_obesity_2030_pct,atlas2022_women_obesity_2030_pct,country_atlas,page_atlas2022,page_atlas2023,page_atlas2025
1,Haiti,HTI,22.7,8.0,32.0,12.0,546.0,1000.0,3.9,51.0,34.0,3.1,28.22,39.37,Haiti,157.0,110.0,141.0
2,Dominican Republic,DOM,27.6,7.6,68.0,32.0,1610.0,2900.0,2.9,51.0,39.2,2.5,31.63,46.46,Dominican Republic,132.0,86.0,116.0
3,Costa Rica,CRI,25.7,7.1,70.0,34.0,927.0,1530.0,3.1,50.0,36.6,2.5,31.19,41.81,Costa Rica,122.0,77.0,106.0
4,United Arab Emirates,ARE,31.7,6.7,73.0,35.0,2180.0,3310.0,1.9,45.0,40.6,2.0,37.01,49.82,United Arab Emirates,268.0,214.0,252.0
5,Algeria,DZA,27.4,6.6,62.0,26.0,5300.0,9190.0,2.7,49.0,37.4,2.2,29.06,45.82,Algeria,81.0,40.0,66.0
6,Oman,OMN,27.0,6.5,71.0,36.0,810.0,1570.0,3.0,52.0,35.2,2.1,31.87,42.72,Oman,213.0,163.0,196.0
6,Syria,SYR,27.8,6.5,74.0,36.0,3010.0,7210.0,,,37.4,2.1,29.58,44.94,Syrian Arab Republic,252.0,,236.0
6,Egypt,EGY,32.0,6.5,76.0,48.0,23150.0,40130.0,2.0,49.0,41.6,1.8,31.41,51.69,Egypt,134.0,88.0,118.0
6,United States,USA,36.2,6.5,75.0,44.0,94870.0,129380.0,2.1,58.0,46.9,1.7,46.58,47.13,United States,270.0,216.0,254.0
10,Turkey,TUR,32.1,6.4,71.0,36.0,17250.0,24820.0,2.3,55.0,42.1,1.9,34.07,49.71,Turkey,263.0,210.0,247.0
10,Saudi Arabia,SAU,35.4,6.4,75.0,45.0,7540.0,12350.0,2.1,57.0,45.0,1.6,40.94,50.99,Saudi Arabia,234.0,182.0,217.0
12,Morocco,MAR,26.1,6.3,59.0,24.0,4130.0,7350.0,2.7,46.0,35.0,2.1,27.73,42.09,Morocco,198.0,150.0,181.0
13,Iran,IRN,25.8,6.1,64.0,26.0,12600.0,20010.0,2.6,46.0,34.8,2.1,27.78,41.84,Iran,163.0,116.0,147.0
14,Ireland,IRL,25.3,6.0,67.0,30.0,904.0,1350.0,2.8,47.0,34.5,2.2,34.44,34.64,Ireland,165.0,118.0,149.0
14,Libya,LBY,32.5,6.0,71.0,39.0,1370.0,2210.0,1.9,49.0,40.7,1.6,33.4,47.89,Libya,181.0,134.0,165.0
16,United Kingdom,GBR,27.8,5.9,63.0,28.0,13010.0,16310.0,2.4,46.0,37.0,1.9,36.63,37.45,United Kingdom,269.0,215.0,253.0
16,New Zealand,NZL,30.8,5.9,70.0,36.0,1050.0,1570.0,2.2,49.0,40.0,1.8,39.7,40.28,New Zealand,205.0,156.0,188.0
18,Honduras,HND,21.4,5.8,68.0,32.0,1270.0,2670.0,3.2,42.0,29.8,2.4,22.78,36.63,Honduras,158.0,111.0,142.0
18,Jordan,JOR,35.5,5.8,72.0,41.0,2030.0,3310.0,1.9,56.0,44.6,1.5,37.66,51.78,Jordan,170.0,123.0,154.0
20,Malaysia,MYS,15.6,5.7,59.0,24.0,3640.0,7500.0,4.7,41.0,23.4,3.3,20.55,26.36,Malaysia,186.0,139.0,170.0
20,Yemen,YEM,17.1,5.7,41.0,15.0,1570.0,4190.0,,,24.8,2.9,18.22,31.37,Yemen,276.0,,260.0
20,El Salvador,SLV,24.6,5.7,69.0,33.0,1024.0,1630.0,2.8,46.0,33.2,2.1,26.93,38.31,El Salvador,135.0,89.0,119.0
23,Tunisia,TUN,26.9,5.6,60.0,29.0,1880.0,2860.0,2.5,46.0,35.5,1.9,27.09,43.55,Tunisia,262.0,209.0,246.0
23,Canada,CAN,29.4,5.6,61.0,27.0,7170.0,9360.0,2.3,49.0,38.5,1.8,38.94,37.99,Canada,112.0,68.0,97.0
25,Australia,AUS,29.0,5.5,66.0,32.0,4960.0,7500.0,2.2,47.0,37.8,1.8,39.03,36.57,Australia,88.0,45.0,73.0
25,Iraq,IRQ,30.4,5.5,77.0,44.0,6850.0,13610.0,1.9,45.0,38.4,1.6,31.59,45.27,Iraq,164.0,117.0,148.0
27,Guatemala,GTM,21.2,5.4,67.0,30.0,1890.0,4120.0,3.0,39.0,28.9,2.3,21.66,35.6,Guatemala,153.0,106.0,137.0
27,Papua New Guinea,PNG,21.3,5.4,54.0,22.0,850.0,1650.0,,,,,,,Papua New Guinea,,,201.0
27,South Africa,ZAF,28.3,5.4,56.0,32.0,10620.0,15390.0,2.4,46.0,36.7,1.9,22.89,49.59,South Africa,244.0,192.0,227.0
30,Nicaragua,NIC,23.7,5.3,71.0,36.0,1080.0,1930.0,2.6,41.0,31.6,2.0,25.08,37.76,Nicaragua,206.0,157.0,189.0
30,Lebanon,LBN,32.0,5.3,68.0,32.0,1200.0,1400.0,1.9,50.0,40.2,1.5,36.0,44.4,Lebanon,178.0,131.0,162.0
32,Turkmenistan,TKM,18.6,5.2,61.0,24.0,730.0,1310.0,2.8,32.0,25.9,2.5,22.73,28.85,Turkmenistan,264.0,211.0,248.0
33,Azerbaijan,AZE,19.9,5.1,65.0,29.0,1637.0,2510.0,2.5,33.0,27.2,2.3,22.52,31.75,Azerbaijan,90.0,47.0,75.0
33,Paraguay,PRY,20.3,5.1,73.0,36.0,1030.0,1930.0,3.2,41.0,28.1,2.3,24.43,31.88,Paraguay,219.0,168.0,202.0
33,Mexico,MEX,28.9,5.1,77.0,39.0,24580.0,40520.0,2.1,47.0,36.8,1.6,32.25,40.91,Mexico,193.0,145.0,177.0
36,Kyrgyzstan,KGZ,16.6,4.9,62.0,30.0,802.0,1560.0,3.0,29.0,23.1,2.6,20.08,25.9,Kyrgyzstan,175.0,128.0,159.0
36,Argentina,ARG,28.3,4.9,73.0,39.0,8660.0,14960.0,1.9,43.0,35.8,1.6,35.44,36.18,Argentina,86.0,43.0,71.0
38,Uzbekistan,UZB,16.6,4.8,68.0,34.0,4730.0,9380.0,2.9,29.0,23.1,2.5,19.7,26.37,Uzbekistan,272.0,218.0,256.0
38,Brazil,BRA,22.1,4.8,68.0,31.0,31080.0,58530.0,2.8,41.0,29.7,2.0,25.87,33.25,Brazil,104.0,60.0,89.0
40,Kazakhstan,KAZ,21.0,4.7,56.0,20.0,2040.0,2950.0,2.4,35.0,27.9,2.0,25.79,29.73,Kazakhstan,171.0,124.0,155.0
40,Cuba,CUB,24.6,4.7,60.0,24.0,1610.0,2330.0,,,32.2,1.8,26.36,37.81,Cuba,125.0,,109.0
40,Hungary,HUN,26.4,4.7,65.0,34.0,2200.0,2870.0,1.6,36.0,33.2,1.6,37.08,29.84,Hungary,159.0,112.0,143.0
40,Chile,CHL,28.0,4.7,83.0,42.0,4350.0,7540.0,1.9,43.0,35.8,1.6,32.72,38.7,Chile,115.0,71.0,100.0
44,Thailand,THA,10.0,4.6,49.0,17.0,6080.0,11240.0,5.3,28.0,15.7,4.0,11.35,19.71,Thailand,256.0,204.0,240.0
44,Netherlands,NLD,20.4,4.6,47.0,15.0,1900.0,2330.0,2.9,38.0,28.1,2.1,29.59,26.62,Netherlands,204.0,155.0,187.0
46,Tajikistan,TJK,14.2,4.5,64.0,27.0,920.0,2010.0,3.0,25.0,20.0,2.7,16.6,23.37,Tajikistan,254.0,202.0,238.0
46,Bolivia,BOL,20.2,4.5,70.0,32.0,1490.0,3030.0,2.9,38.0,27.1,2.1,20.51,33.51,Bolivia,101.0,57.0,86.0
46,Portugal,PRT,20.8,4.5,57.0,23.0,1680.0,2130.0,2.8,39.0,28.1,2.0,28.49,27.71,Portugal,223.0,172.0,206.0
46,Colombia,COL,22.3,4.5,64.0,26.0,6420.0,12020.0,2.5,39.0,29.3,1.9,24.32,34.01,Colombia,118.0,74.0,102.0
46,Norway,NOR,23.1,4.5,59.0,20.0,696.0,980.0,2.5,40.0,30.3,1.8,31.99,28.67,Norway,212.0,162.0,195.0
51,Ecuador,ECU,19.9,4.3,71.0,30.0,2280.0,4570.0,2.8,37.0,26.5,2.0,20.82,32.1,Ecuador,133.0,87.0,117.0
51,Romania,ROU,22.5,4.3,70.0,39.0,4100.0,6490.0,2.1,35.0,28.9,1.7,31.46,26.46,Romania,226.0,175.0,209.0
53,Bulgaria,BGR,25.0,4.2,54.0,22.0,1120.0,1220.0,1.8,37.0,31.4,1.5,33.75,29.27,Bulgaria,106.0,62.0,91.0
54,Greece,GRC,24.9,4.1,63.0,30.0,2300.0,2540.0,2.0,39.0,31.4,1.5,32.15,30.66,Greece,150.0,104.0,134.0
55,Peru,PER,19.7,4.0,73.0,30.0,4180.0,8860.0,2.5,34.0,26.0,1.9,20.9,30.89,Peru,220.0,169.0,203.0
55,Austria,AUT,20.1,4.0,46.0,16.0,1020.0,1210.0,2.4,34.0,26.3,1.8,29.27,23.44,Austria,89.0,46.0,74.0
57,Mauritania,MRT,12.7,3.9,51.0,25.0,332.0,814.0,4.2,32.0,18.5,2.8,10.27,26.78,Mauritania,191.0,143.0,175.0
57,Sweden,SWE,20.6,3.9,52.0,16.0,1140.0,1370.0,2.2,33.0,26.7,1.8,30.78,22.59,Sweden,250.0,198.0,234.0
57,Germany,DEU,22.3,3.9,55.0,21.0,14070.0,14090.0,2.2,36.0,28.5,1.6,31.64,25.41,Germany,148.0,102.0,132.0
60,Serbia,SRB,21.5,3.8,57.0,24.0,1150.0,1360.0,2.1,34.0,27.8,1.7,28.47,27.08,Serbia,236.0,184.0,219.0
60,Venezuela,VEN,25.6,3.8,54.0,24.0,4520.0,4720.0,,,32.0,1.4,29.13,34.65,Venezuela,274.0,,258.0
62,Cote d'Ivoire,CIV,10.3,3.7,37.0,13.0,1120.0,2690.0,4.3,25.0,15.6,3.1,9.03,22.23,Cote D’Ivoire,123.0,78.0,107.0
62,Cameroon,CMR,11.4,3.7,42.0,16.0,1390.0,3000.0,4.3,28.0,16.7,2.9,9.43,23.94,Cameroon,111.0,67.0,96.0
62,Denmark,DNK,19.7,3.7,46.0,14.0,569.0,673.0,2.3,32.0,25.4,1.7,29.74,21.13,Denmark,129.0,84.0,113.0
62,France,FRA,21.6,3.7,34.0,9.0,5630.0,4360.0,2.0,34.0,27.5,1.6,29.18,25.88,France,143.0,97.0,128.0
62,Finland,FIN,22.2,3.7,57.0,22.0,870.0,1070.0,2.4,39.0,28.2,1.6,31.06,25.52,Finland,142.0,96.0,127.0
62,Poland,POL,23.1,3.7,66.0,30.0,7420.0,9810.0,1.7,33.0,28.9,1.5,31.58,26.54,Poland,222.0,171.0,205.0
68,Switzerland,CHE,19.5,3.6,41.0,12.0,799.0,930.0,2.8,37.0,25.3,1.7,29.41,21.21,Switzerland,251.0,199.0,235.0
68,Belarus,BLR,24.5,3.6,58.0,22.0,1650.0,1570.0,1.9,38.0,30.4,1.4,29.86,30.83,Belarus,95.0,52.0,80.0
70,Nigeria,NGA,8.9,3.5,37.0,14.0,8600.0,20570.0,4.9,24.0,13.4,3.3,7.21,19.71,Nigeria,208.0,159.0,191.0
70,Ghana,GHA,10.9,3.5,39.0,14.0,1666.0,3320.0,4.2,25.0,15.6,2.9,7.09,24.22,Ghana,149.0,103.0,133.0
70,Spain,ESP,23.8,3.5,50.0,15.0,6900.0,5350.0,1.9,37.0,29.4,1.3,31.89,27.06,Spain,246.0,194.0,230.0
73,Czech Republic,CZE,26.0,3.4,62.0,28.0,2010.0,2520.0,1.3,35.0,31.2,1.2,33.36,29.15,Czech Republic,127.0,82.0,111.0
74,Tanzania,TZA,8.4,3.3,35.0,14.0,2130.0,6530.0,4.6,21.0,12.7,3.4,6.17,19.11,Tanzania,255.0,203.0,239.0
74,Mali,MLI,8.6,3.3,37.0,13.0,679.0,1880.0,4.9,23.0,13.1,3.4,7.26,18.81,Mali,188.0,141.0,172.0
74,Pakistan,PAK,8.6,3.3,61.0,26.0,17520.0,47970.0,4.5,21.0,12.9,3.3,9.23,16.64,Pakistan,214.0,164.0,197.0
74,Slovakia,SVK,20.5,3.3,64.0,29.0,1000.0,1390.0,1.9,31.0,25.6,1.5,27.49,23.88,Slovakia,240.0,188.0,223.0
74,Ukraine,UKR,24.1,3.3,59.0,25.0,8500.0,8220.0,1.6,34.0,29.3,1.3,29.03,29.56,Ukraine,267.0,213.0,251.0
79,Angola,AGO,8.2,3.2,34.0,12.0,1208.0,2930.0,4.9,22.0,12.5,3.4,6.39,18.21,Angola,84.0,41.0,69.0
79,Belgium,BEL,22.1,3.2,52.0,21.0,1650.0,2080.0,1.8,33.0,27.4,1.4,29.93,24.92,Belgium,96.0,53.0,81.0
81,Indonesia,IDN,6.9,3.1,43.0,13.0,12690.0,31770.0,5.8,22.0,10.8,3.9,7.81,13.77,Indonesia,162.0,115.0,146.0
81,Benin,BEN,9.6,3.1,32.0,12.0,481.0,1134.0,4.4,24.0,14.0,2.9,7.15,20.77,Benin,98.0,55.0,83.0
81,Liberia,LBR,9.9,3.1,41.0,19.0,270.0,740.0,,,14.1,2.7,8.08,20.0,Liberia,180.0,,164.0
81,Israel,ISR,26.1,3.1,55.0,23.0,1170.0,1580.0,1.6,38.0,31.7,1.2,33.13,30.3,Israel,166.0,119.0,150.0
85,Congo,COG,9.6,3.0,25.0,9.0,197.0,360.0,4.0,22.0,13.8,2.8,8.41,19.1,Congo,120.0,76.0,104.0
85,Zimbabwe,ZWE,15.5,3.0,35.0,15.0,758.0,1629.0,2.6,29.0,20.9,1.8,6.94,32.83,Zimbabwe,278.0,224.0,262.0
85,Italy,ITA,19.9,3.0,50.0,18.0,8350.0,9160.0,2.0,31.0,25.0,1.4,26.35,23.7,Italy,167.0,120.0,151.0
88,Somalia,SOM,8.3,2.9,38.0,16.0,632.0,1889.0,,,12.1,3.1,6.05,18.01,Somalia,243.0,,226.0
88,Togo,TGO,8.4,2.9,34.0,13.0,315.0,847.0,4.4,20.0,12.3,3.1,6.02,18.56,Togo,258.0,206.0,242.0
88,Sierra Leone,SLE,8.7,2.9,24.0,8.0,211.0,434.0,4.2,20.0,12.5,2.9,5.75,19.25,Sierra Leone,238.0,186.0,221.0
91,China,CHN,6.2,2.8,41.0,9.0,58200.0,124870.0,5.4,18.0,9.8,3.9,9.53,10.06,China,116.0,72.0,101.0
91,Guinea,GIN,7.7,2.8,31.0,11.0,372.0,1050.0,4.4,19.0,11.6,2.9,5.67,16.97,Guinea,154.0,107.0,138.0
91,Zambia,ZMB,8.1,2.8,32.0,12.0,580.0,1800.0,3.4,16.0,11.9,3.0,5.41,18.06,Zambia,277.0,223.0,261.0
91,Senegal,SEN,8.8,2.8,32.0,11.0,568.0,1347.0,3.8,19.0,12.6,2.8,5.97,18.59,Senegal,235.0,183.0,218.0
95,Kenya,KEN,7.1,2.7,37.0,14.0,2139.0,5650.0,4.6,18.0,10.7,3.3,4.46,16.79,Kenya,172.0,125.0,156.0
95,Russia,RUS,23.1,2.7,62.0,25.0,26810.0,29180.0,1.4,32.0,27.5,1.1,24.32,30.1,Russian Federation,227.0,176.0,210.0
97,Laos,LAO,5.3,2.6,35.0,9.0,218.0,554.0,6.1,17.0,8.4,4.2,6.16,10.65,Lao PDR,176.0,129.0,160.0
97,Myanmar,MMR,5.8,2.6,30.0,8.0,1990.0,3660.0,5.5,16.0,8.9,3.9,6.46,11.17,Myanmar,200.0,152.0,183.0
99,Burkina Faso,BFA,5.6,2.5,24.0,8.0,380.0,1224.0,5.6,16.0,8.5,3.8,4.11,12.71,Burkina Faso,107.0,63.0,92.0
99,Rwanda,RWA,5.8,2.5,21.0,5.0,173.0,601.0,5.4,17.0,9.1,3.7,3.17,14.61,Rwanda,228.0,177.0,211.0
99,Democratic Republic of Congo,COD,6.7,2.5,24.0,7.0,1800.0,4980.0,4.7,17.0,,,,,Democratic Republic of the Congo,,83.0,112.0
99,Central African Republic,CAF,7.5,2.5,26.0,10.0,127.0,330.0,4.0,16.0,10.8,3.0,5.6,15.81,Central African Republic,113.0,69.0,98.0
103,Mozambique,MOZ,7.2,2.4,30.0,11.0,851.0,2580.0,4.6,19.0,10.5,3.0,5.02,15.53,Mozambique,199.0,151.0,182.0
104,Afghanistan,AFG,5.5,2.3,54.0,21.0,1830.0,6210.0,5.2,15.0,8.0,3.6,5.05,11.66,Afghanistan,79.0,38.0,64.0
105,Sri Lanka,LKA,5.2,2.2,43.0,12.0,1058.0,2500.0,5.1,14.0,8.0,3.7,4.58,11.03,Sri Lanka,247.0,195.0,231.0
105,Madagascar,MDG,5.3,2.2,19.0,5.0,335.0,1100.0,5.0,14.0,8.0,3.6,4.58,11.39,Madagascar,184.0,137.0,168.0
105,Burundi,BDI,5.4,2.2,18.0,6.0,173.0,507.0,5.0,15.0,8.3,3.4,3.23,13.11,Burundi,108.0,64.0,93.0
105,Malawi,MWI,5.8,2.2,27.0,9.0,406.0,1315.0,4.8,15.0,8.8,3.3,3.38,13.8,Malawi,185.0,138.0,169.0
105,Chad,TCD,6.1,2.2,24.0,7.0,317.0,910.0,4.6,15.0,9.0,3.1,4.67,13.21,Chad,114.0,70.0,99.0
105,Philippines,PHL,6.4,2.2,38.0,10.0,3990.0,9070.0,4.6,17.0,9.3,3.0,7.9,10.68,Philippines,221.0,170.0,204.0
111,Uganda,UGA,5.3,2.1,26.0,9.0,770.0,2970.0,4.7,14.0,8.1,3.3,2.88,13.02,Uganda,266.0,212.0,250.0
111,Niger,NER,5.5,2.1,20.0,7.0,367.0,1086.0,4.8,15.0,8.4,3.3,3.78,13.06,Niger,207.0,158.0,190.0
113,North Korea,PRK,6.8,1.9,41.0,12.0,1460.0,2850.0,,,9.3,2.5,8.94,9.7,North Korea,210.0,,193.0
114,Nepal,NPL,4.1,1.8,35.0,8.0,691.0,1961.0,5.3,12.0,6.5,3.9,4.26,8.48,Nepal,203.0,154.0,186.0
114,Ethiopia,ETH,4.5,1.8,12.0,3.0,874.0,3090.0,4.9,12.0,6.8,3.5,2.96,10.56,Ethiopia,140.0,94.0,124.0
116,Bangladesh,BGD,3.6,1.7,31.0,6.0,3090.0,9110.0,5.7,11.0,5.8,4.1,3.72,7.84,Bangladesh,93.0,50.0,78.0
116,Cambodia,KHM,3.9,1.7,29.0,5.0,260.0,726.0,5.8,12.0,6.0,3.8,4.34,7.44,Cambodia,110.0,66.0,95.0
118,India,IND,3.9,1.6,33.0,8.0,41600.0,104690.0,5.2,11.0,6.1,3.7,4.48,7.88,India,161.0,114.0,145.0
118,Japan,JPN,4.3,1.6,25.0,6.0,4530.0,6810.0,3.6,8.0,6.5,3.2,7.63,5.4,Japan,169.0,122.0,153.0
120,South Korea,KOR,4.7,1.2,37.0,8.0,1950.0,4130.0,4.2,12.0,6.4,2.4,6.44,6.37,South Korea,245.0,193.0,228.0
121,Vietnam,VNM,2.1,1.1,21.0,2.0,723.0,2120.0,6.3,7.0,3.4,4.5,2.62,4.11,Vietnam,275.0,221.0,259.0
121,Singapore,SGP,6.1,1.1,43.0,15.0,421.0,905.0,2.1,9.0,7.9,1.8,8.18,7.58,Singapore,239.0,187.0,222.0
