edition,page,country_atlas,Code,atlas2025_adult_highBMI_2025_pct,atlas2025_adult_obesity_2025_pct,atlas2025_obese_adults_2015_thousands,atlas2025_obese_adults_2030_thousands,atlas2023_annual_increase_adult_obesity_2020_2035_pct,atlas2023_adult_obesity_2035_pct,atlas2022_adult_obesity_2030_pct,atlas2022_annual_increase_adult_obesity_2010_2030_pct,atlas2022_men_obesity_2030_pct,atlas2022_women_obesity_2030_pct
World Obesity Atlas 2022,79,Afghanistan,AFG,,,,,,,8.0,3.6,5.05,11.66
World Obesity Atlas 2022,80,Albania,ALB,,,,,,,30.2,2.4,31.17,29.25
World Obesity Atlas 2022,81,Algeria,DZA,,,,,,,37.4,2.2,29.06,45.82
World Obesity Atlas 2022,82,American Samoa|Samoa,,,,,,,,67.4,0.6,65.83,68.94
World Obesity Atlas 2022,83,Andorra,AND,,,,,,,29.6,0.8,31.42,27.7
World Obesity Atlas 2022,84,Angola,AGO,,,,,,,12.5,3.4,6.39,18.21
World Obesity Atlas 2022,85,Antigua and Barbuda,ATG,,,,,,,25.3,1.8,16.04,33.54
World Obesity Atlas 2022,86,Argentina,ARG,,,,,,,35.8,1.6,35.44,36.18
World Obesity Atlas 2022,87,Armenia,ARM,,,,,,,26.6,1.8,23.09,29.49
World Obesity Atlas 2022,88,Australia,AUS,,,,,,,37.8,1.8,39.03,36.57
World Obesity Atlas 2022,89,Austria,AUT,,,,,,,26.3,1.8,29.27,23.44
World Obesity Atlas 2022,90,Azerbaijan,AZE,,,,,,,27.2,2.3,22.52,31.75
World Obesity Atlas 2022,91,Bahamas,BHS,,,,,,,39.5,1.5,32.67,45.76
World Obesity Atlas 2022,92,Bahrain,BHR,,,,,,,36.6,1.5,33.31,43.43
World Obesity Atlas 2022,93,Bangladesh,BGD,,,,,,,5.8,4.1,3.72,7.84
World Obesity Atlas 2022,94,Barbados,BRB,,,,,,,31.5,2.0,21.04,41.17
World Obesity Atlas 2022,95,Belarus,BLR,,,,,,,30.4,1.4,29.86,30.83
World Obesity Atlas 2022,96,Belgium,BEL,,,,,,,27.4,1.4,29.93,24.92
World Obesity Atlas 2022,97,Belize,BLZ,,,,,,,31.7,1.9,22.94,40.14
World Obesity Atlas 2022,98,Benin,BEN,,,,,,,14.0,2.9,7.15,20.77
World Obesity Atlas 2022,99,Bermuda,BMU,,,,,,,42.6,1.2,37.16,47.98
World Obesity Atlas 2022,100,Bhutan,BTN,,,,,,,10.2,3.7,7.65,13.27
World Obesity Atlas 2022,101,Bolivia,BOL,,,,,,,27.1,2.1,20.51,33.51
World Obesity Atlas 2022,102,Bosnia and Herzegovina,BIH,,,,,,,23.4,1.8,23.52,23.28
World Obesity Atlas 2022,103,Botswana,BWA,,,,,,,25.5,1.9,12.14,37.67
World Obesity Atlas 2022,104,Brazil,BRA,,,,,,,29.7,2.0,25.87,33.25
World Obesity Atlas 2022,105,Brunei,BRN,,,,,,,20.7,3.0,19.23,22.33
World Obesity Atlas 2022,106,Bulgaria,BGR,,,,,,,31.4,1.5,33.75,29.27
World Obesity Atlas 2022,107,Burkina Faso,BFA,,,,,,,8.5,3.8,4.11,12.71
World Obesity Atlas 2022,108,Burundi,BDI,,,,,,,8.3,3.4,3.23,13.11
World Obesity Atlas 2022,109,Cabo Verde,CPV,,,,,,,17.3,2.9,10.8,23.85
World Obesity Atlas 2022,110,Cambodia,KHM,,,,,,,6.0,3.8,4.34,7.44
World Obesity Atlas 2022,111,Cameroon,CMR,,,,,,,16.7,2.9,9.43,23.94
World Obesity Atlas 2022,112,Canada,CAN,,,,,,,38.5,1.8,38.94,37.99
World Obesity Atlas 2022,113,Central African Republic,CAF,,,,,,,10.8,3.0,5.6,15.81
World Obesity Atlas 2022,114,Chad,TCD,,,,,,,9.0,3.1,4.67,13.21
World Obesity Atlas 2022,115,Chile,CHL,,,,,,,35.8,1.6,32.72,38.7
World Obesity Atlas 2022,116,China,CHN,,,,,,,9.8,3.9,9.53,10.06
World Obesity Atlas 2022,117,China (Hong Kong SAR),HKG,,,,,,,13.5,1.7,15.01,12.33
World Obesity Atlas 2022,118,Colombia,COL,,,,,,,29.3,1.9,24.32,34.01
World Obesity Atlas 2022,119,Comoros,COM,,,,,,,11.3,2.9,4.87,17.6
World Obesity Atlas 2022,120,Congo,COG,,,,,,,13.8,2.8,8.41,19.1
World Obesity Atlas 2022,121,Cook Islands,COK,,,,,,,67.4,1.1,65.9,68.82
World Obesity Atlas 2022,122,Costa Rica,CRI,,,,,,,36.6,2.5,31.19,41.81
World Obesity Atlas 2022,123,Cote D’Ivoire,CIV,,,,,,,15.6,3.1,9.03,22.23
World Obesity Atlas 2022,124,Croatia,HRV,,,,,,,31.4,1.7,32.4,30.49
World Obesity Atlas 2022,125,Cuba,CUB,,,,,,,32.2,1.8,26.36,37.81
World Obesity Atlas 2022,126,Cyprus,CYP,,,,,,,27.3,1.4,28.64,26.05
World Obesity Atlas 2022,127,Czech Republic,CZE,,,,,,,31.2,1.2,33.36,29.15
World Obesity Atlas 2022,128,Democratic Republic of Congo|Republic of Congo,,,,,,,,10.1,3.3,5.55,14.5
World Obesity Atlas 2022,129,Denmark,DNK,,,,,,,25.4,1.7,29.74,21.13
World Obesity Atlas 2022,130,Djibouti,DJI,,,,,,,17.4,1.9,11.92,23.55
World Obesity Atlas 2022,131,Dominica,DMA,,,,,,,36.3,1.8,27.85,44.8
World Obesity Atlas 2022,132,Dominican Republic,DOM,,,,,,,39.2,2.5,31.63,46.46
World Obesity Atlas 2022,133,Ecuador,ECU,,,,,,,26.5,2.0,20.82,32.1
World Obesity Atlas 2022,134,Egypt,EGY,,,,,,,41.6,1.8,31.41,51.69
World Obesity Atlas 2022,135,El Salvador,SLV,,,,,,,33.2,2.1,26.93,38.31
World Obesity Atlas 2022,136,Equatorial Guinea|Guinea,,,,,,,,10.7,2.8,5.63,17.99
World Obesity Atlas 2022,137,Eritrea,ERI,,,,,,,7.3,3.4,3.11,11.43
World Obesity Atlas 2022,138,Estonia,EST,,,,,,,25.4,1.1,26.38,24.49
World Obesity Atlas 2022,139,Eswatini,SWZ,,,,,,,21.7,1.9,8.05,34.77
World Obesity Atlas 2022,140,Ethiopia,ETH,,,,,,,6.8,3.5,2.96,10.56
World Obesity Atlas 2022,141,Fiji,FJI,,,,,,,39.3,1.8,34.39,44.32
World Obesity Atlas 2022,142,Finland,FIN,,,,,,,28.2,1.6,31.06,25.52
World Obesity Atlas 2022,143,France,FRA,,,,,,,27.5,1.6,29.18,25.88
World Obesity Atlas 2022,144,French Polynesia,PYF,,,,,,,60.8,1.0,58.21,63.34
World Obesity Atlas 2022,145,Gabon,GAB,,,,,,,20.8,2.3,14.37,27.37
World Obesity Atlas 2022,146,Gambia,GMB,,,,,,,15.6,3.1,8.93,22.0
World Obesity Atlas 2022,147,Georgia,GEO,,,,,,,29.3,2.2,26.67,31.57
World Obesity Atlas 2022,148,Germany,DEU,,,,,,,28.5,1.6,31.64,25.41
World Obesity Atlas 2022,149,Ghana,GHA,,,,,,,15.6,2.9,7.09,24.22
World Obesity Atlas 2022,150,Greece,GRC,,,,,,,31.4,1.5,32.15,30.66
World Obesity Atlas 2022,151,Greenland,GRL,,,,,,,29.6,1.7,31.82,27.31
World Obesity Atlas 2022,152,Grenada,GRD,,,,,,,28.8,2.2,19.32,38.83
World Obesity Atlas 2022,153,Guatemala,GTM,,,,,,,28.9,2.3,21.66,35.6
World Obesity Atlas 2022,154,Guinea,GIN,,,,,,,11.6,2.9,5.67,16.97
World Obesity Atlas 2022,155,Guinea-Bissau,GNB,,,,,,,14.5,3.2,7.94,20.55
World Obesity Atlas 2022,156,Guyana,GUY,,,,,,,27.5,2.3,18.49,36.5
World Obesity Atlas 2022,157,Haiti,HTI,,,,,,,34.0,3.1,28.22,39.37
World Obesity Atlas 2022,158,Honduras,HND,,,,,,,29.8,2.4,22.78,36.63
World Obesity Atlas 2022,159,Hungary,HUN,,,,,,,33.2,1.6,37.08,29.84
World Obesity Atlas 2022,160,Iceland,ISL,,,,,,,27.9,1.6,32.09,23.73
World Obesity Atlas 2022,161,India,IND,,,,,,,6.1,3.7,4.48,7.88
World Obesity Atlas 2022,162,Indonesia,IDN,,,,,,,10.8,3.9,7.81,13.77
World Obesity Atlas 2022,163,Iran,IRN,,,,,,,34.8,2.1,27.78,41.84
World Obesity Atlas 2022,164,Iraq,IRQ,,,,,,,38.4,1.6,31.59,45.27
World Obesity Atlas 2022,165,Ireland,IRL,,,,,,,34.5,2.2,34.44,34.64
World Obesity Atlas 2022,166,Israel,ISR,,,,,,,31.7,1.2,33.13,30.3
World Obesity Atlas 2022,167,Italy,ITA,,,,,,,25.0,1.4,26.35,23.7
World Obesity Atlas 2022,168,Jamaica,JAM,,,,,,,33.1,2.1,22.29,43.41
World Obesity Atlas 2022,169,Japan,JPN,,,,,,,6.5,3.2,7.63,5.4
World Obesity Atlas 2022,170,Jordan,JOR,,,,,,,44.6,1.5,37.66,51.78
World Obesity Atlas 2022,171,Kazakhstan,KAZ,,,,,,,27.9,2.0,25.79,29.73
World Obesity Atlas 2022,172,Kenya,KEN,,,,,,,10.7,3.3,4.46,16.79
World Obesity Atlas 2022,173,Kiribati,KIR,,,,,,,57.3,1.4,53.73,60.59
World Obesity Atlas 2022,174,Kuwait,KWT,,,,,,,46.0,1.2,42.16,52.36
World Obesity Atlas 2022,175,Kyrgyzstan,KGZ,,,,,,,23.1,2.6,20.08,25.9
World Obesity Atlas 2022,176,Lao PDR,LAO,,,,,,,8.4,4.2,6.16,10.65
World Obesity Atlas 2022,177,Latvia,LVA,,,,,,,28.3,1.1,28.13,28.35
World Obesity Atlas 2022,178,Lebanon,LBN,,,,,,,40.2,1.5,36.0,44.4
World Obesity Atlas 2022,179,Lesotho,LSO,,,,,,,22.4,2.4,7.25,37.02
World Obesity Atlas 2022,180,Liberia,LBR,,,,,,,14.1,2.7,8.08,20.0
World Obesity Atlas 2022,181,Libya,LBY,,,,,,,40.7,1.6,33.4,47.89
World Obesity Atlas 2022,182,Lithuania,LTU,,,,,,,31.2,1.1,31.35,31.335
World Obesity Atlas 2022,183,Luxembourg,LUX,,,,,,,29.8,1.8,33.15,26.4
World Obesity Atlas 2022,184,Madagascar,MDG,,,,,,,8.0,3.6,4.58,11.39
World Obesity Atlas 2022,185,Malawi,MWI,,,,,,,8.8,3.3,3.38,13.8
World Obesity Atlas 2022,186,Malaysia,MYS,,,,,,,23.4,3.3,20.55,26.36
World Obesity Atlas 2022,187,Maldives,MDV,,,,,,,12.9,3.9,9.61,17.86
World Obesity Atlas 2022,188,Mali,MLI,,,,,,,13.1,3.4,7.26,18.81
World Obesity Atlas 2022,189,Malta,MLT,,,,,,,35.1,1.2,37.16,32.98
World Obesity Atlas 2022,190,Marshall Islands,MHL,,,,,,,62.5,1.0,59.62,65.33
World Obesity Atlas 2022,191,Mauritania,MRT,,,,,,,18.5,2.8,10.27,26.78
World Obesity Atlas 2022,192,Mauritius,MUS,,,,,,,14.8,2.3,7.88,21.29
World Obesity Atlas 2022,193,Mexico,MEX,,,,,,,36.8,1.6,32.25,40.91
World Obesity Atlas 2022,194,Micronesia,FSM,,,,,,,57.2,1.4,52.33,62.04
World Obesity Atlas 2022,195,Moldova,MDA,,,,,,,23.7,1.5,21.91,25.19
World Obesity Atlas 2022,196,Mongolia,MNG,,,,,,,29.3,2.7,26.06,32.24
World Obesity Atlas 2022,197,Montenegro,MNE,,,,,,,30.7,1.8,32.09,29.27
World Obesity Atlas 2022,198,Morocco,MAR,,,,,,,35.0,2.1,27.73,42.09
World Obesity Atlas 2022,199,Mozambique,MOZ,,,,,,,10.5,3.0,5.02,15.53
World Obesity Atlas 2022,200,Myanmar,MMR,,,,,,,8.9,3.9,6.46,11.17
World Obesity Atlas 2022,201,Namibia,NAM,,,,,,,24.3,2.7,11.77,35.59
World Obesity Atlas 2022,202,Nauru,NRU,,,,,,,67.4,0.6,66.6,68.14
World Obesity Atlas 2022,203,Nepal,NPL,,,,,,,6.5,3.9,4.26,8.48
World Obesity Atlas 2022,204,Netherlands,NLD,,,,,,,28.1,2.1,29.59,26.62
World Obesity Atlas 2022,205,New Zealand,NZL,,,,,,,40.0,1.8,39.7,40.28
World Obesity Atlas 2022,206,Nicaragua,NIC,,,,,,,31.6,2.0,25.08,37.76
World Obesity Atlas 2022,207,Niger,NER,,,,,,,8.4,3.3,3.78,13.06
World Obesity Atlas 2022,208,Nigeria,NGA,,,,,,,13.4,3.3,7.21,19.71
World Obesity Atlas 2022,209,Niue,NIU,,,,,,,62.3,1.4,58.33,66.36
World Obesity Atlas 2022,210,North Korea,PRK,,,,,,,9.3,2.5,8.94,9.7
World Obesity Atlas 2022,211,North Macedonia,MKD,,,,,,,27.8,1.4,29.4,26.14
World Obesity Atlas 2022,212,Norway,NOR,,,,,,,30.3,1.8,31.99,28.67
World Obesity Atlas 2022,213,Oman,OMN,,,,,,,35.2,2.1,31.87,42.72
World Obesity Atlas 2022,214,Pakistan,PAK,,,,,,,12.9,3.3,9.23,16.64
World Obesity Atlas 2022,215,Palau,PLW,,,,,,,66.4,1.1,64.68,68.09
World Obesity Atlas 2022,216,Palestine,PSE,,,,,,,41.4,1.6,35.58,47.59
World Obesity Atlas 2022,217,Panama,PAN,,,,,,,30.6,2.0,25.0,36.12
World Obesity Atlas 2022,218,Papua New Guinea|Guinea,,,,,,,,28.9,2.2,23.41,34.45
World Obesity Atlas 2022,219,Paraguay,PRY,,,,,,,28.1,2.3,24.43,31.88
World Obesity Atlas 2022,220,Peru,PER,,,,,,,26.0,1.9,20.9,30.89
World Obesity Atlas 2022,221,Philippines,PHL,,,,,,,9.3,3.0,7.9,10.68
World Obesity Atlas 2022,222,Poland,POL,,,,,,,28.9,1.5,31.58,26.54
World Obesity Atlas 2022,223,Portugal,PRT,,,,,,,28.1,2.0,28.49,27.71
World Obesity Atlas 2022,224,Puerto Rico,PRI,,,,,,,41.9,1.2,36.3,46.82
World Obesity Atlas 2022,225,Qatar,QAT,,,,,,,44.3,1.7,42.37,50.9
World Obesity Atlas 2022,226,Romania,ROU,,,,,,,28.9,1.7,31.46,26.46
World Obesity Atlas 2022,227,Russian Federation,RUS,,,,,,,27.5,1.1,24.32,30.1
World Obesity Atlas 2022,228,Rwanda,RWA,,,,,,,9.1,3.7,3.17,14.61
World Obesity Atlas 2022,229,Saint Kitts & Nevis,KNA,,,,,,,30.9,2.2,22.02,39.86
World Obesity Atlas 2022,230,Saint Lucia,LCA,,,,,,,25.7,2.0,16.45,34.79
World Obesity Atlas 2022,231,Saint Vincent & The Grenadines,VCT,,,,,,,32.9,2.3,24.22,41.48
World Obesity Atlas 2022,232,Samoa,WSM,,,,,,,58.0,1.3,51.49,64.98
World Obesity Atlas 2022,233,Sao Tome and Principe,STP,,,,,,,18.0,3.0,11.18,24.67
World Obesity Atlas 2022,234,Saudi Arabia,SAU,,,,,,,45.0,1.6,40.94,50.99
World Obesity Atlas 2022,235,Senegal,SEN,,,,,,,12.6,2.8,5.97,18.59
World Obesity Atlas 2022,236,Serbia,SRB,,,,,,,27.8,1.7,28.47,27.08
World Obesity Atlas 2022,237,Seychelles,SYC,,,,,,,19.0,2.3,10.92,27.95
World Obesity Atlas 2022,238,Sierra Leone,SLE,,,,,,,12.5,2.9,5.75,19.25
World Obesity Atlas 2022,239,Singapore,SGP,,,,,,,7.9,1.8,8.18,7.58
World Obesity Atlas 2022,240,Slovakia,SVK,,,,,,,25.6,1.5,27.49,23.88
World Obesity Atlas 2022,241,Slovenia,SVN,,,,,,,25.6,1.6,25.76,25.48
World Obesity Atlas 2022,242,Solomon Islands,SLB,,,,,,,31.2,2.4,25.95,36.53
World Obesity Atlas 2022,243,Somalia,SOM,,,,,,,12.1,3.1,6.05,18.01
World Obesity Atlas 2022,244,South Africa,ZAF,,,,,,,36.7,1.9,22.89,49.59
World Obesity Atlas 2022,245,South Korea,KOR,,,,,,,6.4,2.4,6.44,6.37
World Obesity Atlas 2022,246,Spain,ESP,,,,,,,29.4,1.3,31.89,27.06
World Obesity Atlas 2022,247,Sri Lanka,LKA,,,,,,,8.0,3.7,4.58,11.03
World Obesity Atlas 2022,248,Sudan,SDN,,,,,,,11.7,2.7,5.64,17.67
World Obesity Atlas 2022,249,Suriname,SUR,,,,,,,34.0,1.7,25.92,41.87
World Obesity Atlas 2022,250,Sweden,SWE,,,,,,,26.7,1.8,30.78,22.59
World Obesity Atlas 2022,251,Switzerland,CHE,,,,,,,25.3,1.7,29.41,21.21
World Obesity Atlas 2022,252,Syrian Arab Republic,SYR,,,,,,,37.4,2.1,29.58,44.94
World Obesity Atlas 2022,253,Taiwan,TWN,,,,,,,10.8,2.6,10.45,11.16
World Obesity Atlas 2022,254,Tajikistan,TJK,,,,,,,20.0,2.7,16.6,23.37
World Obesity Atlas 2022,255,Tanzania,TZA,,,,,,,12.7,3.4,6.17,19.11
World Obesity Atlas 2022,256,Thailand,THA,,,,,,,15.7,4.0,11.35,19.71
World Obesity Atlas 2022,257,Timor-Leste,TLS,,,,,,,6.0,4.1,4.28,7.7
World Obesity Atlas 2022,258,Togo,TGO,,,,,,,12.3,3.1,6.02,18.56
World Obesity Atlas 2022,259,Tokelau,TKL,,,,,,,58.7,1.7,54.08,63.33
World Obesity Atlas 2022,260,Tonga,TON,,,,,,,59.3,1.3,53.59,64.6
World Obesity Atlas 2022,261,Trinidad and Tobago,TTO,,,,,,,26.3,2.6,15.76,36.31
World Obesity Atlas 2022,262,Tunisia,TUN,,,,,,,35.5,1.9,27.09,43.55
World Obesity Atlas 2022,263,Turkey,TUR,,,,,,,42.1,1.9,34.07,49.71
World Obesity Atlas 2022,264,Turkmenistan,TKM,,,,,,,25.9,2.5,22.73,28.85
World Obesity Atlas 2022,265,Tuvalu,TUV,,,,,,,64.1,1.4,61.07,67.06
World Obesity Atlas 2022,266,Uganda,UGA,,,,,,,8.1,3.3,2.88,13.02
World Obesity Atlas 2022,267,Ukraine,UKR,,,,,,,29.3,1.3,29.03,29.56
World Obesity Atlas 2022,268,United Arab Emirates,ARE,,,,,,,40.6,2.0,37.01,49.82
World Obesity Atlas 2022,269,United Kingdom,GBR,,,,,,,37.0,1.9,36.63,37.45
World Obesity Atlas 2022,270,United States,USA,,,,,,,46.9,1.7,46.58,47.13
World Obesity Atlas 2022,271,Uruguay,URY,,,,,,,35.4,1.6,32.74,37.87
World Obesity Atlas 2022,272,Uzbekistan,UZB,,,,,,,23.1,2.5,19.7,26.37
World Obesity Atlas 2022,273,Vanuatu,VUT,,,,,,,34.4,2.2,28.69,40.07
World Obesity Atlas 2022,274,Venezuela,VEN,,,,,,,32.0,1.4,29.13,34.65
World Obesity Atlas 2022,275,Vietnam,VNM,,,,,,,3.4,4.5,2.62,4.11
World Obesity Atlas 2022,276,Yemen,YEM,,,,,,,24.8,2.9,18.22,31.37
World Obesity Atlas 2022,277,Zambia,ZMB,,,,,,,11.9,3.0,5.41,18.06
World Obesity Atlas 2022,278,Zimbabwe,ZWE,,,,,,,20.9,1.8,6.94,32.83
World Obesity Atlas 2023,38,Afghanistan,AFG,,,,,5.2,15.0,,,,
World Obesity Atlas 2023,39,Albania,ALB,,,,,2.6,37.0,,,,
World Obesity Atlas 2023,40,Algeria,DZA,,,,,2.7,49.0,,,,
World Obesity Atlas 2023,41,Angola,AGO,,,,,4.9,22.0,,,,
World Obesity Atlas 2023,43,Argentina,ARG,,,,,1.9,43.0,,,,
World Obesity Atlas 2023,44,Armenia,ARM,,,,,2.2,32.0,,,,
World Obesity Atlas 2023,45,Australia,AUS,,,,,2.2,47.0,,,,
World Obesity Atlas 2023,46,Austria,AUT,,,,,2.4,34.0,,,,
World Obesity Atlas 2023,47,Azerbaijan,AZE,,,,,2.5,33.0,,,,
World Obesity Atlas 2023,48,Bahamas,BHS,,,,,1.9,49.0,,,,
World Obesity Atlas 2023,49,Bahrain,BHR,,,,,1.8,43.0,,,,
World Obesity Atlas 2023,50,Bangladesh,BGD,,,,,5.7,11.0,,,,
World Obesity Atlas 2023,51,Barbados,BRB,,,,,2.6,39.0,,,,
World Obesity Atlas 2023,52,Belarus,BLR,,,,,1.9,38.0,,,,
World Obesity Atlas 2023,53,Belgium,BEL,,,,,1.8,33.0,,,,
World Obesity Atlas 2023,54,Belize,BLZ,,,,,2.4,40.0,,,,
World Obesity Atlas 2023,55,Benin,BEN,,,,,4.4,24.0,,,,
World Obesity Atlas 2023,56,Bhutan,BTN,,,,,5.6,20.0,,,,
World Obesity Atlas 2023,57,Bolivia,BOL,,,,,2.9,38.0,,,,
World Obesity Atlas 2023,58,Bosnia and Herzegovina,BIH,,,,,2.3,30.0,,,,
World Obesity Atlas 2023,59,Botswana,BWA,,,,,3.2,43.0,,,,
World Obesity Atlas 2023,60,Brazil,BRA,,,,,2.8,41.0,,,,
World Obesity Atlas 2023,61,Brunei Darussalam,BRN,,,,,4.2,33.0,,,,
World Obesity Atlas 2023,62,Bulgaria,BGR,,,,,1.8,37.0,,,,
World Obesity Atlas 2023,63,Burkina Faso,BFA,,,,,5.6,16.0,,,,
World Obesity Atlas 2023,64,Burundi,BDI,,,,,5.0,15.0,,,,
World Obesity Atlas 2023,65,Cabo Verde,CPV,,,,,4.6,32.0,,,,
World Obesity Atlas 2023,66,Cambodia,KHM,,,,,5.8,12.0,,,,
World Obesity Atlas 2023,67,Cameroon,CMR,,,,,4.3,28.0,,,,
World Obesity Atlas 2023,68,Canada,CAN,,,,,2.3,49.0,,,,
World Obesity Atlas 2023,69,Central African Republic,CAF,,,,,4.0,16.0,,,,
World Obesity Atlas 2023,70,Chad,TCD,,,,,4.6,15.0,,,,
World Obesity Atlas 2023,71,Chile,CHL,,,,,1.9,43.0,,,,
World Obesity Atlas 2023,72,China,CHN,,,,,5.4,18.0,,,,
World Obesity Atlas 2023,74,Colombia,COL,,,,,2.5,39.0,,,,
World Obesity Atlas 2023,75,Comoros,COM,,,,,4.0,17.0,,,,
World Obesity Atlas 2023,76,Congo,COG,,,,,4.0,22.0,,,,
World Obesity Atlas 2023,77,Costa Rica,CRI,,,,,3.1,50.0,,,,
World Obesity Atlas 2023,78,Cote d’Ivoire,CIV,,,,,4.3,25.0,,,,
World Obesity Atlas 2023,79,Croatia,HRV,,,,,2.0,37.0,,,,
World Obesity Atlas 2023,81,Cyprus,CYP,,,,,2.4,39.0,,,,
World Obesity Atlas 2023,82,Czechia,CZE,,,,,1.3,35.0,,,,
World Obesity Atlas 2023,83,Democratic Republic of the Congo,COD,,,,,4.7,17.0,,,,
World Obesity Atlas 2023,84,Denmark,DNK,,,,,2.3,32.0,,,,
World Obesity Atlas 2023,86,Dominican Republic,DOM,,,,,2.9,51.0,,,,
World Obesity Atlas 2023,87,Ecuador,ECU,,,,,2.8,37.0,,,,
World Obesity Atlas 2023,88,Egypt,EGY,,,,,2.0,49.0,,,,
World Obesity Atlas 2023,89,El Salvador,SLV,,,,,2.8,46.0,,,,
World Obesity Atlas 2023,90,Equatorial Guinea,GNQ,,,,,4.4,18.0,,,,
World Obesity Atlas 2023,92,Estonia,EST,,,,,1.4,28.0,,,,
World Obesity Atlas 2023,93,Eswatini,SWZ,,,,,2.8,30.0,,,,
World Obesity Atlas 2023,94,Ethiopia,ETH,,,,,4.9,12.0,,,,
World Obesity Atlas 2023,95,Fiji,FJI,,,,,2.2,49.0,,,,
World Obesity Atlas 2023,96,Finland,FIN,,,,,2.4,39.0,,,,
World Obesity Atlas 2023,97,France,FRA,,,,,2.0,34.0,,,,
World Obesity Atlas 2023,99,Gabon,GAB,,,,,3.8,35.0,,,,
World Obesity Atlas 2023,100,Gambia,GMB,,,,,4.7,28.0,,,,
World Obesity Atlas 2023,101,Georgia,GEO,,,,,2.5,36.0,,,,
World Obesity Atlas 2023,102,Germany,DEU,,,,,2.2,36.0,,,,
World Obesity Atlas 2023,103,Ghana,GHA,,,,,4.2,25.0,,,,
World Obesity Atlas 2023,104,Greece,GRC,,,,,2.0,39.0,,,,
World Obesity Atlas 2023,106,Guatemala,GTM,,,,,3.0,39.0,,,,
World Obesity Atlas 2023,107,Guinea,GIN,,,,,4.4,19.0,,,,
World Obesity Atlas 2023,108,Guinea Bissau,GNB,,,,,4.9,27.0,,,,
World Obesity Atlas 2023,110,Haiti,HTI,,,,,3.9,51.0,,,,
World Obesity Atlas 2023,111,Honduras,HND,,,,,3.2,42.0,,,,
World Obesity Atlas 2023,112,Hungary,HUN,,,,,1.6,36.0,,,,
World Obesity Atlas 2023,113,Iceland,ISL,,,,,2.2,35.0,,,,
World Obesity Atlas 2023,114,India,IND,,,,,5.2,11.0,,,,
World Obesity Atlas 2023,115,Indonesia,IDN,,,,,5.8,22.0,,,,
World Obesity Atlas 2023,116,Iran,IRN,,,,,2.6,46.0,,,,
World Obesity Atlas 2023,117,Iraq,IRQ,,,,,1.9,45.0,,,,
World Obesity Atlas 2023,118,Ireland,IRL,,,,,2.8,47.0,,,,
World Obesity Atlas 2023,119,Israel,ISR,,,,,1.6,38.0,,,,
World Obesity Atlas 2023,120,Italy,ITA,,,,,2.0,31.0,,,,
World Obesity Atlas 2023,121,Jamaica,JAM,,,,,2.7,44.0,,,,
World Obesity Atlas 2023,122,Japan,JPN,,,,,3.6,8.0,,,,
World Obesity Atlas 2023,123,Jordan,JOR,,,,,1.9,56.0,,,,
World Obesity Atlas 2023,124,Kazakhstan,KAZ,,,,,2.4,35.0,,,,
World Obesity Atlas 2023,125,Kenya,KEN,,,,,4.6,18.0,,,,
World Obesity Atlas 2023,127,Kuwait,KWT,,,,,1.5,52.0,,,,
World Obesity Atlas 2023,128,Kyrgyzstan,KGZ,,,,,3.0,29.0,,,,
World Obesity Atlas 2023,129,Lao PDR,LAO,,,,,6.1,17.0,,,,
World Obesity Atlas 2023,130,Latvia,LVA,,,,,1.4,32.0,,,,
World Obesity Atlas 2023,131,Lebanon,LBN,,,,,1.9,50.0,,,,
World Obesity Atlas 2023,132,Lesotho,LSO,,,,,3.1,31.0,,,,
World Obesity Atlas 2023,134,Libya,LBY,,,,,1.9,49.0,,,,
World Obesity Atlas 2023,135,Lithuania,LTU,,,,,1.5,38.0,,,,
World Obesity Atlas 2023,136,Luxembourg,LUX,,,,,2.3,37.0,,,,
World Obesity Atlas 2023,137,Madagascar,MDG,,,,,5.0,14.0,,,,
World Obesity Atlas 2023,138,Malawi,MWI,,,,,4.8,15.0,,,,
World Obesity Atlas 2023,139,Malaysia,MYS,,,,,4.7,41.0,,,,
World Obesity Atlas 2023,140,Maldives,MDV,,,,,6.0,24.0,,,,
World Obesity Atlas 2023,141,Mali,MLI,,,,,4.9,23.0,,,,
World Obesity Atlas 2023,142,Malta,MLT,,,,,1.5,40.0,,,,
World Obesity Atlas 2023,143,Mauritania,MRT,,,,,4.2,32.0,,,,
World Obesity Atlas 2023,144,Mauritius,MUS,,,,,3.1,20.0,,,,
World Obesity Atlas 2023,145,Mexico,MEX,,,,,2.1,47.0,,,,
World Obesity Atlas 2023,147,Moldova,MDA,,,,,2.1,30.0,,,,
World Obesity Atlas 2023,148,Mongolia,MNG,,,,,3.0,37.0,,,,
World Obesity Atlas 2023,149,Montenegro,MNE,,,,,2.6,42.0,,,,
World Obesity Atlas 2023,150,Morocco,MAR,,,,,2.7,46.0,,,,
World Obesity Atlas 2023,151,Mozambique,MOZ,,,,,4.6,19.0,,,,
World Obesity Atlas 2023,152,Myanmar,MMR,,,,,5.5,16.0,,,,
World Obesity Atlas 2023,153,Namibia,NAM,,,,,3.3,33.0,,,,
World Obesity Atlas 2023,154,Nepal,NPL,,,,,5.3,12.0,,,,
World Obesity Atlas 2023,155,Netherlands,NLD,,,,,2.9,38.0,,,,
World Obesity Atlas 2023,156,New Zealand,NZL,,,,,2.2,49.0,,,,
World Obesity Atlas 2023,157,Nicaragua,NIC,,,,,2.6,41.0,,,,
World Obesity Atlas 2023,158,Niger,NER,,,,,4.8,15.0,,,,
World Obesity Atlas 2023,159,Nigeria,NGA,,,,,4.9,24.0,,,,
World Obesity Atlas 2023,161,North Macedonia,MKD,,,,,1.8,34.0,,,,
World Obesity Atlas 2023,162,Norway,NOR,,,,,2.5,40.0,,,,
World Obesity Atlas 2023,163,Oman,OMN,,,,,3.0,52.0,,,,
World Obesity Atlas 2023,164,Pakistan,PAK,,,,,4.5,21.0,,,,
World Obesity Atlas 2023,165,Palestine,PSE,,,,,2.0,50.0,,,,
World Obesity Atlas 2023,166,Panama,PAN,,,,,2.8,42.0,,,,
World Obesity Atlas 2023,168,Paraguay,PRY,,,,,3.2,41.0,,,,
World Obesity Atlas 2023,169,Peru,PER,,,,,2.5,34.0,,,,
World Obesity Atlas 2023,170,Philippines,PHL,,,,,4.6,17.0,,,,
World Obesity Atlas 2023,171,Poland,POL,,,,,1.7,33.0,,,,
World Obesity Atlas 2023,172,Portugal,PRT,,,,,2.8,39.0,,,,
World Obesity Atlas 2023,174,Qatar,QAT,,,,,1.8,51.0,,,,
World Obesity Atlas 2023,175,Romania,ROU,,,,,2.1,35.0,,,,
World Obesity Atlas 2023,176,Russian Federation,RUS,,,,,1.4,32.0,,,,
World Obesity Atlas 2023,177,Rwanda,RWA,,,,,5.4,17.0,,,,
World Obesity Atlas 2023,180,Samoa,WSM,,,,,1.4,66.0,,,,
World Obesity Atlas 2023,182,Saudi Arabia,SAU,,,,,2.1,57.0,,,,
World Obesity Atlas 2023,183,Senegal,SEN,,,,,3.8,19.0,,,,
World Obesity Atlas 2023,184,Serbia,SRB,,,,,2.1,34.0,,,,
World Obesity Atlas 2023,186,Sierra Leone,SLE,,,,,4.2,20.0,,,,
World Obesity Atlas 2023,187,Singapore,SGP,,,,,2.1,9.0,,,,
World Obesity Atlas 2023,188,Slovakia,SVK,,,,,1.9,31.0,,,,
World Obesity Atlas 2023,189,Slovenia,SVN,,,,,2.0,31.0,,,,
World Obesity Atlas 2023,192,South Africa,ZAF,,,,,2.4,46.0,,,,
World Obesity Atlas 2023,193,South Korea,KOR,,,,,4.2,12.0,,,,
World Obesity Atlas 2023,194,Spain,ESP,,,,,1.9,37.0,,,,
World Obesity Atlas 2023,195,Sri Lanka,LKA,,,,,5.1,14.0,,,,
World Obesity Atlas 2023,198,Sweden,SWE,,,,,2.2,33.0,,,,
World Obesity Atlas 2023,199,Switzerland,CHE,,,,,2.8,37.0,,,,
World Obesity Atlas 2023,202,Tajikistan,TJK,,,,,3.0,25.0,,,,
World Obesity Atlas 2023,203,Tanzania,TZA,,,,,4.6,21.0,,,,
World Obesity Atlas 2023,204,Thailand,THA,,,,,5.3,28.0,,,,
World Obesity Atlas 2023,205,Timor-Leste,TLS,,,,,5.9,12.0,,,,
World Obesity Atlas 2023,206,Togo,TGO,,,,,4.4,20.0,,,,
World Obesity Atlas 2023,207,Tonga,TON,,,,,1.4,67.0,,,,
World Obesity Atlas 2023,208,Trinidad and Tobago,TTO,,,,,3.4,38.0,,,,
World Obesity Atlas 2023,209,Tunisia,TUN,,,,,2.5,46.0,,,,
World Obesity Atlas 2023,210,Turkey,TUR,,,,,2.3,55.0,,,,
World Obesity Atlas 2023,211,Turkmenistan,TKM,,,,,2.8,32.0,,,,
World Obesity Atlas 2023,212,Uganda,UGA,,,,,4.7,14.0,,,,
World Obesity Atlas 2023,213,Ukraine,UKR,,,,,1.6,34.0,,,,
World Obesity Atlas 2023,214,United Arab Emirates,ARE,,,,,1.9,45.0,,,,
World Obesity Atlas 2023,215,United Kingdom,GBR,,,,,2.4,46.0,,,,
World Obesity Atlas 2023,216,United States of America,USA,,,,,2.1,58.0,,,,
World Obesity Atlas 2023,217,Uruguay,URY,,,,,1.9,42.0,,,,
World Obesity Atlas 2023,218,Uzbekistan,UZB,,,,,2.9,29.0,,,,
World Obesity Atlas 2023,219,Vanuatu,VUT,,,,,2.8,46.0,,,,
World Obesity Atlas 2023,221,Viet Nam,VNM,,,,,6.3,7.0,,,,
World Obesity Atlas 2023,223,Zambia,ZMB,,,,,3.4,16.0,,,,
World Obesity Atlas 2023,224,Zimbabwe,ZWE,,,,,2.6,29.0,,,,
World Obesity Atlas 2025,64,Afghanistan,AFG,54.0,21.0,1830.0,6210.0,,,,,,
World Obesity Atlas 2025,65,Albania,ALB,65.0,26.0,417.0,609.0,,,,,,
World Obesity Atlas 2025,66,Algeria,DZA,62.0,26.0,5300.0,9190.0,,,,,,
World Obesity Atlas 2025,67,American Samoa,ASM,92.0,77.0,24.0,22.0,,,,,,
World Obesity Atlas 2025,68,Andorra,AND,49.0,19.0,9.0,14.0,,,,,,
World Obesity Atlas 2025,69,Angola,AGO,34.0,12.0,1208.0,2930.0,,,,,,
World Obesity Atlas 2025,70,Antigua and Barbuda,ATG,66.0,36.0,19.0,29.0,,,,,,
World Obesity Atlas 2025,71,Argentina,ARG,73.0,39.0,8660.0,14960.0,,,,,,
World Obesity Atlas 2025,72,Armenia,ARM,58.0,26.0,485.0,612.0,,,,,,
World Obesity Atlas 2025,73,Australia,AUS,66.0,32.0,4960.0,7500.0,,,,,,
World Obesity Atlas 2025,74,Austria,AUT,46.0,16.0,1020.0,1210.0,,,,,,
World Obesity Atlas 2025,75,Azerbaijan,AZE,65.0,29.0,1637.0,2510.0,,,,,,
World Obesity Atlas 2025,76,Bahamas,BHS,79.0,50.0,117.0,173.0,,,,,,
World Obesity Atlas 2025,77,Bahrain,BHR,72.0,40.0,347.0,560.0,,,,,,
World Obesity Atlas 2025,78,Bangladesh,BGD,31.0,6.0,3090.0,9110.0,,,,,,
World Obesity Atlas 2025,79,Barbados,BRB,70.0,41.0,70.0,99.0,,,,,,
World Obesity Atlas 2025,80,Belarus,BLR,58.0,22.0,1650.0,1570.0,,,,,,
World Obesity Atlas 2025,81,Belgium,BEL,52.0,21.0,1650.0,2080.0,,,,,,
World Obesity Atlas 2025,82,Belize,BLZ,76.0,45.0,78.0,149.0,,,,,,
World Obesity Atlas 2025,83,Benin,BEN,32.0,12.0,481.0,1134.0,,,,,,
World Obesity Atlas 2025,84,Bermuda,BMU,66.0,36.0,15.0,21.0,,,,,,
World Obesity Atlas 2025,85,Bhutan,BTN,52.0,14.0,41.0,100.0,,,,,,
World Obesity Atlas 2025,86,Bolivia,BOL,70.0,32.0,1490.0,3030.0,,,,,,
World Obesity Atlas 2025,87,Bosnia and Herzegovina,BIH,59.0,23.0,537.0,619.0,,,,,,
World Obesity Atlas 2025,88,Botswana,BWA,44.0,19.0,195.0,356.0,,,,,,
World Obesity Atlas 2025,89,Brazil,BRA,68.0,31.0,31080.0,58530.0,,,,,,
World Obesity Atlas 2025,90,Brunei Darussalam,BRN,75.0,35.0,75.0,138.0,,,,,,
World Obesity Atlas 2025,91,Bulgaria,BGR,54.0,22.0,1120.0,1220.0,,,,,,
World Obesity Atlas 2025,92,Burkina Faso,BFA,24.0,8.0,380.0,1224.0,,,,,,
World Obesity Atlas 2025,93,Burundi,BDI,18.0,6.0,173.0,507.0,,,,,,
World Obesity Atlas 2025,94,Cabo Verde,CPV,51.0,17.0,40.0,73.0,,,,,,
World Obesity Atlas 2025,95,Cambodia,KHM,29.0,5.0,260.0,726.0,,,,,,
World Obesity Atlas 2025,96,Cameroon,CMR,42.0,16.0,1390.0,3000.0,,,,,,
World Obesity Atlas 2025,97,Canada,CAN,61.0,27.0,7170.0,9360.0,,,,,,
World Obesity Atlas 2025,98,Central African Republic,CAF,26.0,10.0,127.0,330.0,,,,,,
World Obesity Atlas 2025,99,Chad,TCD,24.0,7.0,317.0,910.0,,,,,,
World Obesity Atlas 2025,100,Chile,CHL,83.0,42.0,4350.0,7540.0,,,,,,
World Obesity Atlas 2025,101,China,CHN,41.0,9.0,58200.0,124870.0,,,,,,
World Obesity Atlas 2025,102,Colombia,COL,64.0,26.0,6420.0,12020.0,,,,,,
World Obesity Atlas 2025,103,Comoros,COM,47.0,18.0,46.0,111.0,,,,,,
World Obesity Atlas 2025,104,Congo,COG,25.0,9.0,197.0,360.0,,,,,,
World Obesity Atlas 2025,105,Cook Islands,COK,90.0,72.0,9.0,6.0,,,,,,
World Obesity Atlas 2025,106,Costa Rica,CRI,70.0,34.0,927.0,1530.0,,,,,,
World Obesity Atlas 2025,107,Cote d'Ivoire,CIV,37.0,13.0,1120.0,2690.0,,,,,,
World Obesity Atlas 2025,108,Croatia,HRV,67.0,34.0,857.0,1140.0,,,,,,
World Obesity Atlas 2025,109,Cuba,CUB,60.0,24.0,1610.0,2330.0,,,,,,
World Obesity Atlas 2025,110,Cyprus,CYP,55.0,24.0,214.0,276.0,,,,,,
World Obesity Atlas 2025,111,Czechia,CZE,62.0,28.0,2010.0,2520.0,,,,,,
World Obesity Atlas 2025,112,Democratic Republic of Congo,COD,24.0,7.0,1800.0,4980.0,,,,,,
World Obesity Atlas 2025,113,Denmark,DNK,46.0,14.0,569.0,673.0,,,,,,
World Obesity Atlas 2025,114,Djibouti,DJI,32.0,13.0,48.0,119.0,,,,,,
World Obesity Atlas 2025,115,Dominica,DMA,62.0,34.0,12.0,18.0,,,,,,
World Obesity Atlas 2025,116,Dominican Republic,DOM,68.0,32.0,1610.0,2900.0,,,,,,
World Obesity Atlas 2025,117,Ecuador,ECU,71.0,30.0,2280.0,4570.0,,,,,,
World Obesity Atlas 2025,118,Egypt,EGY,76.0,48.0,23150.0,40130.0,,,,,,
World Obesity Atlas 2025,119,El Salvador,SLV,69.0,33.0,1024.0,1630.0,,,,,,
World Obesity Atlas 2025,120,Equatorial Guinea,GNQ,44.0,20.0,117.0,257.0,,,,,,
World Obesity Atlas 2025,121,Eritrea,ERI,19.0,5.0,47.0,138.0,,,,,,
World Obesity Atlas 2025,122,Estonia,EST,60.0,23.0,229.0,250.0,,,,,,
World Obesity Atlas 2025,123,Eswatini,SWZ,61.0,32.0,153.0,284.0,,,,,,
World Obesity Atlas 2025,124,Ethiopia,ETH,12.0,3.0,874.0,3090.0,,,,,,
World Obesity Atlas 2025,125,Federated States of Micronesia,FSM,74.0,50.0,28.0,37.0,,,,,,
World Obesity Atlas 2025,126,Fiji,FJI,69.0,37.0,175.0,249.0,,,,,,
World Obesity Atlas 2025,127,Finland,FIN,57.0,22.0,870.0,1070.0,,,,,,
World Obesity Atlas 2025,128,France,FRA,34.0,9.0,5630.0,4360.0,,,,,,
World Obesity Atlas 2025,129,Gabon,GAB,50.0,23.0,194.0,418.0,,,,,,
World Obesity Atlas 2025,130,Gambia,GMB,45.0,17.0,113.0,315.0,,,,,,
World Obesity Atlas 2025,131,Georgia,GEO,70.0,38.0,870.0,1170.0,,,,,,
World Obesity Atlas 2025,132,Germany,DEU,55.0,21.0,14070.0,14090.0,,,,,,
World Obesity Atlas 2025,133,Ghana,GHA,39.0,14.0,1666.0,3320.0,,,,,,
World Obesity Atlas 2025,134,Greece,GRC,63.0,30.0,2300.0,2540.0,,,,,,
World Obesity Atlas 2025,135,Greenland,GRL,61.0,29.0,10.0,12.0,,,,,,
World Obesity Atlas 2025,136,Grenada,GRD,63.0,33.0,21.0,32.0,,,,,,
World Obesity Atlas 2025,137,Guatemala,GTM,67.0,30.0,1890.0,4120.0,,,,,,
World Obesity Atlas 2025,138,Guinea,GIN,31.0,11.0,372.0,1050.0,,,,,,
World Obesity Atlas 2025,139,Guinea-Bissau,GNB,35.0,13.0,76.0,190.0,,,,,,
World Obesity Atlas 2025,140,Guyana,GUY,60.0,31.0,108.0,189.0,,,,,,
World Obesity Atlas 2025,141,Haiti,HTI,32.0,12.0,546.0,1000.0,,,,,,
World Obesity Atlas 2025,142,Honduras,HND,68.0,32.0,1270.0,2670.0,,,,,,
World Obesity Atlas 2025,143,Hungary,HUN,65.0,34.0,2200.0,2870.0,,,,,,
World Obesity Atlas 2025,144,Iceland,ISL,59.0,22.0,48.0,76.0,,,,,,
World Obesity Atlas 2025,145,India,IND,33.0,8.0,41600.0,104690.0,,,,,,
World Obesity Atlas 2025,146,Indonesia,IDN,43.0,13.0,12690.0,31770.0,,,,,,
World Obesity Atlas 2025,147,Iran,IRN,64.0,26.0,12600.0,20010.0,,,,,,
World Obesity Atlas 2025,148,Iraq,IRQ,77.0,44.0,6850.0,13610.0,,,,,,
World Obesity Atlas 2025,149,Ireland,IRL,67.0,30.0,904.0,1350.0,,,,,,
World Obesity Atlas 2025,150,Israel,ISR,55.0,23.0,1170.0,1580.0,,,,,,
World Obesity Atlas 2025,151,Italy,ITA,50.0,18.0,8350.0,9160.0,,,,,,
World Obesity Atlas 2025,152,Jamaica,JAM,65.0,37.0,549.0,877.0,,,,,,
World Obesity Atlas 2025,153,Japan,JPN,25.0,6.0,4530.0,6810.0,,,,,,
World Obesity Atlas 2025,154,Jordan,JOR,72.0,41.0,2030.0,3310.0,,,,,,
World Obesity Atlas 2025,155,Kazakhstan,KAZ,56.0,20.0,2040.0,2950.0,,,,,,
World Obesity Atlas 2025,156,Kenya,KEN,37.0,14.0,2139.0,5650.0,,,,,,
World Obesity Atlas 2025,157,Kiribati,KIR,81.0,48.0,28.0,41.0,,,,,,
World Obesity Atlas 2025,158,Kuwait,KWT,80.0,44.0,1180.0,1830.0,,,,,,
World Obesity Atlas 2025,159,Kyrgyzstan,KGZ,62.0,30.0,802.0,1560.0,,,,,,
World Obesity Atlas 2025,160,Laos,LAO,35.0,9.0,218.0,554.0,,,,,,
World Obesity Atlas 2025,161,Latvia,LVA,62.0,26.0,371.0,386.0,,,,,,
World Obesity Atlas 2025,162,Lebanon,LBN,68.0,32.0,1200.0,1400.0,,,,,,
World Obesity Atlas 2025,163,Lesotho,LSO,45.0,23.0,201.0,366.0,,,,,,
World Obesity Atlas 2025,164,Liberia,LBR,41.0,19.0,270.0,740.0,,,,,,
World Obesity Atlas 2025,165,Libya,LBY,71.0,39.0,1370.0,2210.0,,,,,,
World Obesity Atlas 2025,166,Lithuania,LTU,60.0,27.0,567.0,600.0,,,,,,
World Obesity Atlas 2025,167,Luxembourg,LUX,53.0,19.0,83.0,107.0,,,,,,
World Obesity Atlas 2025,168,Madagascar,MDG,19.0,5.0,335.0,1100.0,,,,,,
World Obesity Atlas 2025,169,Malawi,MWI,27.0,9.0,406.0,1315.0,,,,,,
World Obesity Atlas 2025,170,Malaysia,MYS,59.0,24.0,3640.0,7500.0,,,,,,
World Obesity Atlas 2025,171,Maldives,MDV,57.0,19.0,38.0,91.0,,,,,,
World Obesity Atlas 2025,172,Mali,MLI,37.0,13.0,679.0,1880.0,,,,,,
World Obesity Atlas 2025,173,Malta,MLT,66.0,33.0,112.0,157.0,,,,,,
World Obesity Atlas 2025,174,Marshall Islands,MHL,75.0,48.0,12.0,10.0,,,,,,
World Obesity Atlas 2025,175,Mauritania,MRT,51.0,25.0,332.0,814.0,,,,,,
World Obesity Atlas 2025,176,Mauritius,MUS,53.0,20.0,167.0,217.0,,,,,,
World Obesity Atlas 2025,177,Mexico,MEX,77.0,39.0,24580.0,40520.0,,,,,,
World Obesity Atlas 2025,178,Moldova,MDA,64.0,24.0,600.0,511.0,,,,,,
World Obesity Atlas 2025,179,Mongolia,MNG,62.0,27.0,369.0,685.0,,,,,,
World Obesity Atlas 2025,180,Montenegro,MNE,52.0,20.0,76.0,99.0,,,,,,
World Obesity Atlas 2025,181,Morocco,MAR,59.0,24.0,4130.0,7350.0,,,,,,
World Obesity Atlas 2025,182,Mozambique,MOZ,30.0,11.0,851.0,2580.0,,,,,,
World Obesity Atlas 2025,183,Myanmar,MMR,30.0,8.0,1990.0,3660.0,,,,,,
World Obesity Atlas 2025,184,Namibia,NAM,39.0,18.0,193.0,373.0,,,,,,
World Obesity Atlas 2025,185,Nauru,NRU,90.0,72.0,3.6,5.6,,,,,,
World Obesity Atlas 2025,186,Nepal,NPL,35.0,8.0,691.0,1961.0,,,,,,
World Obesity Atlas 2025,187,Netherlands,NLD,47.0,15.0,1900.0,2330.0,,,,,,
World Obesity Atlas 2025,188,New Zealand,NZL,70.0,36.0,1050.0,1570.0,,,,,,
World Obesity Atlas 2025,189,Nicaragua,NIC,71.0,36.0,1080.0,1930.0,,,,,,
World Obesity Atlas 2025,190,Niger,NER,20.0,7.0,367.0,1086.0,,,,,,
World Obesity Atlas 2025,191,Nigeria,NGA,37.0,14.0,8600.0,20570.0,,,,,,
World Obesity Atlas 2025,192,Niue,NIU,90.0,69.0,0.7,0.9000000000000001,,,,,,
World Obesity Atlas 2025,193,North Korea,PRK,41.0,12.0,1460.0,2850.0,,,,,,
World Obesity Atlas 2025,194,North Macedonia,MKD,65.0,30.0,370.0,458.0,,,,,,
World Obesity Atlas 2025,195,Norway,NOR,59.0,20.0,696.0,980.0,,,,,,
World Obesity Atlas 2025,196,Oman,OMN,71.0,36.0,810.0,1570.0,,,,,,
World Obesity Atlas 2025,197,Pakistan,PAK,61.0,26.0,17520.0,47970.0,,,,,,
World Obesity Atlas 2025,198,Palau,PLW,73.0,43.0,5.0,5.0,,,,,,
World Obesity Atlas 2025,199,Palestine,PSE,71.0,40.0,816.0,1390.0,,,,,,
World Obesity Atlas 2025,200,Panama,PAN,76.0,40.0,761.0,1500.0,,,,,,
World Obesity Atlas 2025,201,Papua New Guinea,PNG,54.0,22.0,850.0,1650.0,,,,,,
World Obesity Atlas 2025,202,Paraguay,PRY,73.0,36.0,1030.0,1930.0,,,,,,
World Obesity Atlas 2025,203,Peru,PER,73.0,30.0,4180.0,8860.0,,,,,,
World Obesity Atlas 2025,204,Philippines,PHL,38.0,10.0,3990.0,9070.0,,,,,,
World Obesity Atlas 2025,205,Poland,POL,66.0,30.0,7420.0,9810.0,,,,,,
World Obesity Atlas 2025,206,Portugal,PRT,57.0,23.0,1680.0,2130.0,,,,,,
World Obesity Atlas 2025,207,Puerto Rico,PRI,77.0,44.0,1010.0,1280.0,,,,,,
World Obesity Atlas 2025,208,Qatar,QAT,79.0,49.0,758.0,1340.0,,,,,,
World Obesity Atlas 2025,209,Romania,ROU,70.0,39.0,4100.0,6490.0,,,,,,
World Obesity Atlas 2025,210,Russian Federation,RUS,62.0,25.0,26810.0,29180.0,,,,,,
World Obesity Atlas 2025,211,Rwanda,RWA,21.0,5.0,173.0,601.0,,,,,,
World Obesity Atlas 2025,212,Saint Kitts and Nevis,KNA,78.0,48.0,14.0,19.0,,,,,,
World Obesity Atlas 2025,213,Saint Lucia,LCA,66.0,36.0,36.0,57.0,,,,,,
World Obesity Atlas 2025,214,Saint Vincent and the Grenadines,VCT,65.0,36.0,22.0,28.0,,,,,,
World Obesity Atlas 2025,215,Samoa,WSM,89.0,66.0,61.0,82.0,,,,,,
World Obesity Atlas 2025,216,Sao Tome and Principe,STP,46.0,18.0,12.7,29.0,,,,,,
World Obesity Atlas 2025,217,Saudi Arabia,SAU,75.0,45.0,7540.0,12350.0,,,,,,
World Obesity Atlas 2025,218,Senegal,SEN,32.0,11.0,568.0,1347.0,,,,,,
World Obesity Atlas 2025,219,Serbia,SRB,57.0,24.0,1150.0,1360.0,,,,,,
World Obesity Atlas 2025,220,Seychelles,SYC,64.0,32.0,21.0,35.0,,,,,,
World Obesity Atlas 2025,221,Sierra Leone,SLE,24.0,8.0,211.0,434.0,,,,,,
World Obesity Atlas 2025,222,Singapore,SGP,43.0,15.0,421.0,905.0,,,,,,
World Obesity Atlas 2025,223,Slovakia,SVK,64.0,29.0,1000.0,1390.0,,,,,,
World Obesity Atlas 2025,224,Slovenia,SVN,56.0,20.0,288.0,369.0,,,,,,
World Obesity Atlas 2025,225,Solomon Islands,SLB,60.0,24.0,66.0,134.0,,,,,,
World Obesity Atlas 2025,226,Somalia,SOM,38.0,16.0,632.0,1889.0,,,,,,
World Obesity Atlas 2025,227,South Africa,ZAF,56.0,32.0,10620.0,15390.0,,,,,,
World Obesity Atlas 2025,228,South Korea,KOR,37.0,8.0,1950.0,4130.0,,,,,,
World Obesity Atlas 2025,229,South Sudan,SSD,26.0,9.0,337.0,815.0,,,,,,
World Obesity Atlas 2025,230,Spain,ESP,50.0,15.0,6900.0,5350.0,,,,,,
World Obesity Atlas 2025,231,Sri Lanka,LKA,43.0,12.0,1058.0,2500.0,,,,,,
World Obesity Atlas 2025,232,Sudan,SDN,42.0,19.0,2400.0,6450.0,,,,,,
World Obesity Atlas 2025,233,Suriname,SUR,61.0,32.0,90.0,156.0,,,,,,
World Obesity Atlas 2025,234,Sweden,SWE,52.0,16.0,1140.0,1370.0,,,,,,
World Obesity Atlas 2025,235,Switzerland,CHE,41.0,12.0,799.0,930.0,,,,,,
World Obesity Atlas 2025,236,Syrian Arab Republic,SYR,74.0,36.0,3010.0,7210.0,,,,,,
World Obesity Atlas 2025,237,Taiwan,TWN,43.0,12.0,1630.0,2630.0,,,,,,
World Obesity Atlas 2025,238,Tajikistan,TJK,64.0,27.0,920.0,2010.0,,,,,,
World Obesity Atlas 2025,239,Tanzania,TZA,35.0,14.0,2130.0,6530.0,,,,,,
World Obesity Atlas 2025,240,Thailand,THA,49.0,17.0,6080.0,11240.0,,,,,,
World Obesity Atlas 2025,241,Timor-Leste,TLS,16.0,3.0,7.6,28.0,,,,,,
World Obesity Atlas 2025,242,Togo,TGO,34.0,13.0,315.0,847.0,,,,,,
World Obesity Atlas 2025,243,Tokelau,TKL,91.0,72.0,0.8,1.5,,,,,,
World Obesity Atlas 2025,244,Tonga,TON,92.0,75.0,38.0,46.0,,,,,,
World Obesity Atlas 2025,245,Trinidad and Tobago,TTO,60.0,30.0,280.0,366.0,,,,,,
World Obesity Atlas 2025,246,Tunisia,TUN,60.0,29.0,1880.0,2860.0,,,,,,
World Obesity Atlas 2025,247,Turkey,TUR,71.0,36.0,17250.0,24820.0,,,,,,
World Obesity Atlas 2025,248,Turkmenistan,TKM,61.0,24.0,730.0,1310.0,,,,,,
World Obesity Atlas 2025,249,Tuvalu,TUV,88.0,67.0,3.5,3.2,,,,,,
World Obesity Atlas 2025,250,Uganda,UGA,26.0,9.0,770.0,2970.0,,,,,,
World Obesity Atlas 2025,251,Ukraine,UKR,59.0,25.0,8500.0,8220.0,,,,,,
World Obesity Atlas 2025,252,United Arab Emirates,ARE,73.0,35.0,2180.0,3310.0,,,,,,
World Obesity Atlas 2025,253,United Kingdom,GBR,63.0,28.0,13010.0,16310.0,,,,,,
World Obesity Atlas 2025,254,United States,USA,75.0,44.0,94870.0,129380.0,,,,,,
World Obesity Atlas 2025,255,Uruguay,URY,72.0,36.0,680.0,1060.0,,,,,,
World Obesity Atlas 2025,256,Uzbekistan,UZB,68.0,34.0,4730.0,9380.0,,,,,,
World Obesity Atlas 2025,257,Vanuatu,VUT,54.0,23.0,28.0,49.0,,,,,,
World Obesity Atlas 2025,258,Venezuela,VEN,54.0,24.0,4520.0,4720.0,,,,,,
World Obesity Atlas 2025,259,Vietnam,VNM,21.0,2.0,723.0,2120.0,,,,,,
World Obesity Atlas 2025,260,Yemen,YEM,41.0,15.0,1570.0,4190.0,,,,,,
World Obesity Atlas 2025,261,Zambia,ZMB,32.0,12.0,580.0,1800.0,,,,,,
World Obesity Atlas 2025,262,Zimbabwe,ZWE,35.0,15.0,758.0,1629.0,,,,,,
