Entity,Code,Year,obesity_pct,ncd_country,ncd_men_pct,ncd_women_pct,ncd_mean_MW_pct,abs_diff_pp
United Arab Emirates,ARE,2006,25.0,United Arab Emirates,21.7404677644105,37.0257250888459,29.3830964266282,4.3830964266281995
Qatar,QAT,2006,29.1,Qatar,26.6217999750772,39.9131536549284,33.2674768150028,4.1674768150028
Qatar,QAT,2016,35.1,Qatar,33.4642280045358,44.6000204827253,39.03212424363055,3.932124243630547
United Arab Emirates,ARE,2016,31.7,United Arab Emirates,28.4428511310159,42.4640140677316,35.45343259937375,3.753432599373749
Kuwait,KWT,2006,32.5,Kuwait,28.0762236954671,43.0510127844756,35.56361823997135,3.0636182399713476
Kuwait,KWT,2016,37.9,Kuwait,34.2758560620944,47.0802945456947,40.678075303894545,2.7780753038945463
Bahrain,BHR,2016,29.8,Bahrain,26.4641147086526,38.1871820437011,32.32564837617685,2.52564837617685
Bahrain,BHR,2006,25.0,Bahrain,20.9309991237787,34.0328789775025,27.481939050640598,2.481939050640598
Saudi Arabia,SAU,2006,29.0,Saudi Arabia,24.496755997965998,38.355988994915,31.4263724964405,2.4263724964405
Oman,OMN,2016,27.0,Oman,23.7666312858071,34.974322135566496,29.3704767106868,2.3704767106867983
Saudi Arabia,SAU,2016,35.4,Saudi Arabia,31.725949548869796,43.7440156780893,37.734982613479545,2.3349826134795464
Oman,OMN,2006,20.5,Oman,16.7841286274208,28.636141798258702,22.710135212839752,2.2101352128397522
Samoa,WSM,2016,47.3,Samoa,41.276013098285404,56.6203514985664,48.948182298425905,1.6481822984259082
Samoa,WSM,2006,40.8,Samoa,33.8959210035621,50.9699692487775,42.4329451261698,1.6329451261698011
Cook Islands,COK,2006,49.9,Cook Islands,46.6921466376026,56.2447953055439,51.468470971573254,1.5684709715732552
Tuvalu,TUV,2016,51.6,Tuvalu,48.466540173953796,57.850594830378,53.158567502165894,1.558567502165893
Marshall Islands,MHL,2016,52.9,Marshall Islands,49.8462692845397,59.0231548743268,54.434712079433254,1.5347120794332554
Micronesia (country),FSM,2016,45.8,Micronesia (Federated States of),41.477531974266,53.1737334683719,47.325632721318954,1.5256327213189564
Tuvalu,TUV,2006,43.9,Tuvalu,39.336736586323404,51.49136528317379,45.4140509347486,1.514050934748603
Palau,PLW,2016,55.3,Palau,53.1470948777528,60.4788734941984,56.8129841859756,1.5129841859756041
Cook Islands,COK,2016,55.9,Cook Islands,53.971519702117,60.8509252889553,57.41122249553615,1.5112224955361526
Palau,PLW,2006,48.9,Palau,45.3105179646497,55.495766527254396,50.40314224595205,1.5031422459520485
Niue,NIU,2016,50.0,Niue,46.1650940578305,56.774026718856,51.469560388343254,1.469560388343254
Marshall Islands,MHL,2006,47.3,Marshall Islands,42.8624378619397,54.6723018511465,48.7673698565431,1.467369856543101
Niue,NIU,2006,42.1,Niue,37.0759316502171,50.02067970691469,43.548305678565896,1.4483056785658945
Kiribati,KIR,2016,46.0,Kiribati,42.8709576660264,51.9577916023468,47.4143746341866,1.4143746341866006
Lebanon,LBN,2016,32.0,Lebanon,28.3754229937304,38.4367193297194,33.4060711617249,1.4060711617249027
Lebanon,LBN,2006,26.7,Lebanon,22.3604193334504,33.8506344106657,28.10552687205805,1.4055268720580507
Jordan,JOR,2016,35.5,Jordan,29.171537301412,44.6041603783368,36.8878488398744,1.387848839874401
Kiribati,KIR,2006,39.6,Kiribati,35.4983214831157,46.4433696595116,40.97084557131365,1.3708455713136516
Nauru,NRU,2006,57.4,Nauru,55.08472403849281,62.391949072847595,58.7383365556702,1.3383365556702032
Nauru,NRU,2016,61.0,Nauru,59.8519485903737,64.8111594469609,62.331554018667305,1.3315540186673047
Micronesia (country),FSM,2006,38.6,Micronesia (Federated States of),33.102476194542405,46.7528174434122,39.9276468189773,1.3276468189772999
Libya,LBY,2006,26.5,Libya,19.756564714084902,35.812514004650495,27.7845393593677,1.2845393593676988
Jordan,JOR,2006,29.7,Jordan,22.5983359195317,39.3536765777321,30.9760062486319,1.2760062486319015
Tonga,TON,2016,48.2,Tonga,42.7167007126193,56.064811611565304,49.3907561620923,1.190756162092299
United States,USA,2016,36.2,United States of America,36.4743138016023,38.1627333219757,37.318523561789,1.1185235617889973
Tonga,TON,2006,41.3,Tonga,34.6759724787966,50.1060131822407,42.390992830518655,1.0909928305186583
Syria,SYR,2016,27.8,Syrian Arab Republic,21.6415084260509,36.0892088928752,28.86535865946305,1.0653586594630475
Canada,CAN,2016,29.4,Canada,30.4713444968571,30.4442412656389,30.457792881248,1.0577928812480017
Algeria,DZA,2016,27.4,Algeria,20.6662279544328,36.2187173311687,28.442472642800748,1.0424726428007496
Australia,AUS,2016,29.0,Australia,30.5678231420639,29.513687638248697,30.0407553901563,1.0407553901562991
Saint Vincent and the Grenadines,VCT,2016,23.7,Saint Vincent and the Grenadines,17.1988620193447,32.2656511091902,24.732256564267452,1.0322565642674526
Fiji,FJI,2016,30.2,Fiji,25.951817102907597,36.5045551979374,31.2281861504225,1.0281861504224992
Cuba,CUB,2016,24.6,Cuba,19.6740505627936,31.5819717599435,25.628011161368548,1.0280111613685463
New Zealand,NZL,2016,30.8,New Zealand,31.0700017859939,32.5776061801755,31.8238039830847,1.0238039830847008
Syria,SYR,2006,21.3,Syrian Arab Republic,15.172708846688801,29.466650389957,22.3196796183229,1.0196796183229004
United Kingdom,GBR,2016,27.8,United Kingdom,27.8766216740838,29.7127166323654,28.7946691532246,0.9946691532245993
Dominican Republic,DOM,2016,27.6,Dominican Republic,21.7707579202702,35.4157781167382,28.5932680185042,0.9932680185041995
Egypt,EGY,2016,32.0,Egypt,23.5017171969738,42.4821536604724,32.991935428723096,0.9919354287230959
Costa Rica,CRI,2016,25.7,Costa Rica,21.8308081245724,31.5309441574514,26.6808761410119,0.9808761410119011
Hungary,HUN,2016,26.4,Hungary,29.1237593461531,25.636223899731903,27.3799916229425,0.979991622942503
Malta,MLT,2016,28.9,Malta,30.1129651528525,29.6259332356885,29.8694491942705,0.9694491942705028
Libya,LBY,2016,32.5,Libya,25.8517240848162,41.080186505476505,33.46595529514635,0.965955295146351
Ireland,IRL,2016,25.3,Ireland,25.9690906676116,26.5522419106188,26.2606662891152,0.9606662891151991
Israel,ISR,2016,26.1,Israel,26.815483566543,27.3018635045367,27.058673535539853,0.9586735355398517
Andorra,AND,2016,25.6,Andorra,26.7498464408904,26.3382276922682,26.5440370665793,0.9440370665792983
Iran,IRN,2006,19.7,Iran,13.8096399960017,27.4720066398428,20.640823317922248,0.9408233179222485
Chile,CHL,2016,28.0,Chile,25.7334656169527,32.126225046767296,28.929845331859998,0.9298453318599975
Iran,IRN,2016,25.8,Iran,19.9834681457158,33.472294408063306,26.727881276889555,0.9278812768895541
Malta,MLT,2006,25.3,Malta,25.0242509608949,27.422714423696497,26.223482692295697,0.9234826922956962
United States,USA,2006,29.7,United States of America,29.2944304941931,31.947378338455902,30.6209044163245,0.9209044163245004
Iraq,IRQ,2016,30.4,Iraq,24.3007441745434,38.3327644969471,31.31675433574525,0.916754335745253
Suriname,SUR,2016,26.4,Suriname,19.6389424663543,34.9929517017539,27.315947084054102,0.9159470840541033
Canada,CAN,2006,23.8,Canada,24.3385804495878,25.0863886630374,24.7124845563126,0.9124845563125987
Fiji,FJI,2006,24.3,Fiji,19.4447574692462,30.9763173304467,25.21053739984645,0.9105373998464508
Czech Republic,CZE,2016,26.0,Czech Republic,27.3212657911343,26.499117508716502,26.9101916499254,0.9101916499254017
Turkey,TUR,2016,32.1,Turkey,25.287403845407404,40.7124949322129,32.99994938881015,0.8999493888101497
Dominica,DMA,2016,27.9,Dominica,20.6916931730028,36.9066738861313,28.799183529567053,0.899183529567054
New Zealand,NZL,2006,24.9,New Zealand,24.6261087835353,26.962224326017697,25.7941665547765,0.8941665547765005
Uruguay,URY,2016,27.9,Uruguay,25.787593552570097,31.8004322929897,28.7940129227799,0.8940129227799005
Panama,PAN,2016,22.7,Panama,18.4848516657398,28.689140697627703,23.58699618168375,0.8869961816837524
Germany,DEU,2016,22.3,Germany,25.039137753508,21.3301855031888,23.1846616283484,0.8846616283484003
Vanuatu,VUT,2016,25.2,Vanuatu,20.955975271240803,31.2120953947532,26.084035332997,0.8840353329970014
Norway,NOR,2016,23.1,Norway,24.4887625895552,23.478070203541197,23.9834163965482,0.8834163965481991
Argentina,ARG,2016,28.3,Argentina,28.2312710290502,30.1351528063988,29.1832119177245,0.8832119177244984
Romania,ROU,2016,22.5,Romania,24.217742764000498,22.5474494286374,23.38259609631895,0.8825960963189488
Venezuela,VEN,2016,25.6,Venezuela,23.2073678961581,29.752563298622796,26.479965597390446,0.879965597390445
Croatia,HRV,2016,24.4,Croatia,24.9822384460126,25.5715221172876,25.2768802816501,0.8768802816501022
Luxembourg,LUX,2016,22.6,Luxembourg,25.378226985808,21.5704792625249,23.47435312416645,0.8743531241664471
Solomon Islands,SLB,2016,22.5,Solomon Islands,18.609005959831602,28.132742744626597,23.3708743522291,0.8708743522291016
Australia,AUS,2006,23.5,Australia,24.2938831799605,24.441993084011703,24.3679381319861,0.8679381319861008
Finland,FIN,2016,22.2,Finland,24.6221039279853,21.4984690983447,23.060286513165,0.8602865131650006
United Kingdom,GBR,2006,21.9,United Kingdom,21.329237440671,24.1786358147141,22.75393662769255,0.8539366276925513
Albania,ALB,2016,21.7,Albania,22.3735442662153,22.721484996103598,22.54751463115945,0.8475146311594521
Tunisia,TUN,2016,26.9,Tunisia,19.867653638181302,35.6223585736617,27.7450061059215,0.8450061059215024
Greece,GRC,2016,24.9,Greece,25.0421452186512,26.4353284795816,25.7387368491164,0.8387368491164011
Spain,ESP,2016,23.8,Spain,25.4868604860036,23.7794035829473,24.63313203447545,0.8331320344754509
Serbia,SRB,2016,21.5,Serbia,21.8618144268841,22.7939253362546,22.32786988156935,0.8278698815693488
Belgium,BEL,2016,22.1,Belgium,23.9851087805987,21.8693587629467,22.9272337717727,0.827233771772697
Poland,POL,2016,23.1,Poland,24.633845294245198,23.220093317888903,23.92696930606705,0.8269693060670491
Bulgaria,BGR,2016,25.0,Bulgaria,26.3721859363714,25.2749569317252,25.8235714340483,0.8235714340483007
Macedonia,MKD,2016,22.4,Macedonia (TFYR),23.4449590086245,22.9994297802127,23.2221943944186,0.8221943944186023
Barbados,BRB,2016,23.1,Barbados,15.2687757028521,32.575462424129796,23.922119063490946,0.8221190634909448
Belize,BLZ,2016,24.1,Belize,17.122203761774802,32.7174263066139,24.91981503419435,0.8198150341943489
Andorra,AND,2006,23.6,Andorra,23.4120913500211,25.4235142509893,24.4178028005052,0.8178028005051985
Czech Republic,CZE,2006,22.6,Czech Republic,22.6117678367837,24.2237172840626,23.41774256042315,0.8177425604231487
Algeria,DZA,2006,20.8,Algeria,13.956976689388101,29.277874249405798,21.61742546939695,0.817425469396948
France,FRA,2016,21.6,France,22.8624168719371,21.9681294800126,22.41527317597485,0.8152731759748484
Portugal,PRT,2016,20.8,Portugal,21.1152759164386,22.1151428580555,21.61520938724705,0.8152093872470481
Netherlands,NLD,2016,20.4,Netherlands,21.5737659919611,20.856616348664,21.21519117031255,0.8151911703125521
Montenegro,MNE,2016,23.3,Montenegro,24.106710539681302,24.1015060230375,24.1041082813594,0.8041082813594009
Costa Rica,CRI,2006,18.6,Costa Rica,14.5775153704646,24.2195462627271,19.39853081659585,0.79853081659585
Vanuatu,VUT,2006,19.0,Vanuatu,14.793514024461299,24.802734559752402,19.79812429210685,0.7981242921068485
Slovenia,SVN,2016,20.2,Slovenia,20.1229421375041,21.8732816592747,20.9981118983894,0.7981118983894007
Hungary,HUN,2006,21.7,Hungary,22.8307025867175,22.1644828451817,22.4975927159496,0.7975927159496017
Egypt,EGY,2006,25.5,Egypt,17.0547249153432,35.5403371740264,26.2975310446848,0.7975310446847992
Saint Vincent and the Grenadines,VCT,2006,17.7,Saint Vincent and the Grenadines,11.4579223853243,25.5354769946791,18.4966996900017,0.7966996900017023
Paraguay,PRY,2016,20.3,Paraguay,17.7996610710569,24.391424300317897,21.0955426856874,0.7955426856873977
Switzerland,CHE,2016,19.5,Switzerland,22.9975001634003,17.5930777539024,20.295288958651348,0.7952889586513479
Bahamas,BHS,2016,31.6,Bahamas,25.3023355462079,39.4838386330546,32.39308708963125,0.7930870896312499
Cuba,CUB,2006,19.9,Cuba,14.373982184804602,27.0021549082772,20.6880685465409,0.7880685465409023
Spain,ESP,2006,20.3,Spain,20.692905668290702,21.4790586775958,21.08598217294325,0.7859821729432497
Cyprus,CYP,2016,21.8,Cyprus,22.6509097427845,22.518509913487,22.58470982813575,0.7847098281357496
Argentina,ARG,2006,23.4,Argentina,22.7666508213835,25.601968206478197,24.18430951393085,0.7843095139308502
Slovakia,SVK,2016,20.5,Slovakia,21.7533457889026,20.801355957916602,21.277350873409603,0.7773508734096026
Iceland,ISL,2016,21.9,Iceland,25.1098847623065,20.241800181261798,22.67584247178415,0.7758424717841521
Austria,AUT,2016,20.1,Austria,22.648338342545,19.0987220955795,20.87353021906225,0.7735302190622484
Israel,ISR,2006,23.0,Israel,22.1928590276351,25.3540315895465,23.7734453085908,0.7734453085908015
Italy,ITA,2016,19.9,Italy,20.9368617678711,20.4096729364121,20.6732673521416,0.7732673521416018
Venezuela,VEN,2006,21.8,Venezuela,18.9173492656278,26.2188030219138,22.5680761437708,0.7680761437707986
Sweden,SWE,2016,20.6,Sweden,23.8850217147386,18.8322490563625,21.35863538555055,0.7586353855505479
Suriname,SUR,2006,21.6,Suriname,14.7415963458934,29.9713157660407,22.35645605596705,0.7564560559670497
Peru,PER,2016,19.7,Peru,15.766924287323999,25.1425484102458,20.4547363487849,0.754736348784899
Dominican Republic,DOM,2006,20.0,Dominican Republic,13.8938882487636,27.615101908344098,20.75449507855385,0.7544950785538482
Grenada,GRD,2016,21.3,Grenada,13.8781114889437,30.2193771106187,22.0487442997812,0.748744299781201
Chile,CHL,2006,23.3,Chile,20.6294896959936,27.464091006365297,24.046790351179446,0.7467903511794454
Finland,FIN,2006,18.5,Finland,19.8104640921982,18.664961198378897,19.237712645288546,0.7377126452885463
Brazil,BRA,2016,22.1,Brazil,19.2358597359804,26.435071841732398,22.8354657888564,0.7354657888563985
Estonia,EST,2016,21.2,Estonia,21.125116254851502,22.739632081227303,21.932374168039402,0.7323741680394029
Greece,GRC,2006,20.8,Greece,19.5450487419743,23.5167044354552,21.530876588714747,0.7308765887147466
Denmark,DNK,2016,19.7,Denmark,23.1470190353662,17.7089442479312,20.4279816416487,0.7279816416487002
Saint Kitts and Nevis,KNA,2016,22.9,Saint Kitts and Nevis,15.9231554217524,31.3306549222374,23.6269051719949,0.7269051719949005
Papua New Guinea,PNG,2016,21.3,Papua New Guinea,17.2570514908744,26.791715747711198,22.0243836192928,0.7243836192927979
Iraq,IRQ,2006,24.9,Iraq,18.3262923766626,32.9223676571136,25.6243300168881,0.7243300168881
Luxembourg,LUX,2006,18.3,Luxembourg,19.6955508413745,18.337874880603,19.01671286098875,0.7167128609887499
Norway,NOR,2006,18.6,Norway,18.8305739513893,19.8006633843264,19.315618667857848,0.7156186678578464
Macedonia,MKD,2006,18.8,Macedonia (TFYR),18.6921800355056,20.3321687061248,19.512174370815202,0.7121743708152017
Ireland,IRL,2006,19.3,Ireland,19.4771813680801,20.5423746081605,20.009777988120298,0.7097779881202975
Dominica,DMA,2006,22.3,Dominica,14.901412266728501,31.1157107787309,23.0085615227297,0.7085615227296991
France,FRA,2006,17.9,France,18.0482923259808,19.1662073917527,18.60724985886675,0.7072498588667528
Solomon Islands,SLB,2006,16.5,Solomon Islands,12.5598638756412,21.849205220014202,17.204534547827702,0.7045345478277021
Morocco,MAR,2016,26.1,Morocco,20.1671259452129,33.4324853373128,26.79980564126285,0.6998056412628486
Poland,POL,2006,19.4,Poland,19.4592882874746,20.738864922637,20.0990766050558,0.6990766050558008
Germany,DEU,2006,18.4,Germany,19.935128190851202,18.2627374912052,19.0989328410282,0.6989328410282027
Belize,BLZ,2006,19.1,Belize,12.451360867645999,27.1454717030998,19.7984162853729,0.6984162853729003
Uruguay,URY,2006,23.2,Uruguay,20.4839974271181,27.311713238552,23.89785533283505,0.6978553328350507
Iceland,ISL,2006,18.2,Iceland,19.8891473293831,17.8972773716318,18.89321235050745,0.6932123505074514
Colombia,COL,2016,22.3,Colombia,18.281183849925302,27.701350305609303,22.991267077767304,0.6912670777673036
Belgium,BEL,2006,18.9,Belgium,19.475204454374502,19.7020727632448,19.588638608809653,0.6886386088096543
Armenia,ARM,2016,20.2,Armenia,17.751102499324002,24.0239091450513,20.88750582218765,0.6875058221876493
Bulgaria,BGR,2006,20.8,Bulgaria,20.76042057412,22.2097582520554,21.4850894130877,0.6850894130876988
Panama,PAN,2006,17.7,Panama,13.498924586091702,23.258195367069202,18.37855997658045,0.678559976580452
Croatia,HRV,2006,19.8,Croatia,19.231785138159697,21.7231733103926,20.47747922427615,0.6774792242761478
Tunisia,TUN,2006,21.3,Tunisia,14.1151239496564,29.8388125918909,21.97696827077365,0.6769682707736493
Montenegro,MNE,2006,19.1,Montenegro,18.686387966839398,20.866545311162398,19.776466639000898,0.6764666390008962
Honduras,HND,2016,21.4,Honduras,16.2391185329223,27.9136860654084,22.076402299165352,0.6764022991653533
Lithuania,LTU,2016,26.3,Lithuania,25.011711277744,28.9402333411126,26.9759723094283,0.6759723094282997
Cyprus,CYP,2006,18.5,Cyprus,18.2331154613156,20.1185950441239,19.17585525271975,0.6758552527197494
Slovenia,SVN,2006,16.8,Slovenia,15.839489189410699,19.1115847406088,17.475536965009752,0.6755369650097514
Latvia,LVA,2016,23.6,Latvia,22.3751364740172,26.168391201118602,24.271763837567903,0.6717638375679016
Austria,AUT,2006,16.1,Austria,17.6010988764916,15.913516363339001,16.757307619915302,0.6573076199153007
Romania,ROU,2006,18.2,Romania,18.3678836620631,19.3421394090629,18.855011535563,0.655011535563002
Cote d'Ivoire,CIV,2016,10.3,Cote d'Ivoire,6.06785858756467,15.841969149618802,10.954913868591735,0.6549138685917342
Mexico,MEX,2016,28.9,Mexico,25.1199922251672,33.981735269358,29.550863747262596,0.6508637472625978
Haiti,HTI,2016,22.7,Haiti,18.6275272334621,28.065225152378897,23.3463761929205,0.6463761929204992
Seychelles,SYC,2016,14.0,Seychelles,7.9038833889606295,21.3881950617296,14.646039225345115,0.646039225345115
Denmark,DNK,2006,16.0,Denmark,18.062238955554697,15.229786887057701,16.6460129213062,0.6460129213061983
Nicaragua,NIC,2016,23.7,Nicaragua,18.6082789350422,30.082635319913,24.3454571274776,0.6454571274776022
Bahamas,BHS,2006,26.6,Bahamas,19.5751366471716,34.9141748323332,27.244655739752403,0.6446557397524018
Ecuador,ECU,2016,19.9,Ecuador,15.445927357647099,25.643237591944303,20.5445824747957,0.6445824747957012
Netherlands,NLD,2006,15.8,Netherlands,15.758790124462898,17.1207743310687,16.439782227765797,0.6397822277657959
Paraguay,PRY,2006,15.2,Paraguay,12.7451469788384,18.933671443798,15.839409211318202,0.6394092113182026
Georgia,GEO,2016,21.7,Georgia,19.9101739035454,24.7660274233141,22.33810066342975,0.6381006634297499
Ukraine,UKR,2016,24.1,Ukraine,22.7568681137529,26.7184377865738,24.73765295016335,0.6376529501633499
Bosnia and Herzegovina,BIH,2016,17.9,Bosnia and Herzegovina,17.821627146938802,19.2512437827625,18.53643546485065,0.6364354648506527
Albania,ALB,2006,16.0,Albania,15.4572476504116,17.8085318312316,16.6328897408216,0.6328897408216001
Sweden,SWE,2006,16.7,Sweden,18.604046396580102,16.0537703852587,17.328908390919402,0.6289083909194026
Antigua and Barbuda,ATG,2016,18.9,Antigua and Barbuda,12.0878285377707,26.9691188260471,19.5284736819089,0.6284736819089005
Mongolia,MNG,2016,20.6,Mongolia,18.2360923752693,24.2190107932222,21.227551584245752,0.6275515842457509
Belarus,BLR,2016,24.5,Belarus,22.9123275136731,27.336911803228496,25.124619658450797,0.624619658450797
Yemen,YEM,2016,17.1,Yemen,12.461457822667,22.972367363796202,17.7169125932316,0.6169125932316
Bolivia,BOL,2016,20.2,Bolivia,15.0710542822057,26.5583154265935,20.8146848543996,0.6146848543996022
Serbia,SRB,2006,17.7,Serbia,16.9648554755977,19.6606055561627,18.3127305158802,0.6127305158802017
Portugal,PRT,2006,16.3,Portugal,15.5417442911233,18.282089816250398,16.91191705368685,0.6119170536868488
Azerbaijan,AZE,2016,19.9,Azerbaijan,16.4698517996196,24.551713946501998,20.510782873060798,0.6107828730607991
Brunei,BRN,2016,14.1,Brunei Darussalam,12.995528387389902,16.4253427515368,14.71043556946335,0.6104355694633501
Kazakhstan,KAZ,2016,21.0,Kazakhstan,19.5682181225138,23.6484466554447,21.60833238897925,0.6083323889792496
Slovakia,SVK,2006,17.2,Slovakia,17.312944838229498,18.3023734425427,17.8076591403861,0.6076591403861009
Italy,ITA,2006,16.9,Italy,16.9233257971764,18.09148624954,17.5074060233582,0.6074060233582017
Turkey,TUR,2006,25.7,Turkey,18.4118590883163,34.1992452028421,26.3055521455792,0.6055521455791997
Jamaica,JAM,2016,24.7,Jamaica,15.8876272931671,34.720230098832,25.30392869599955,0.6039286959995493
Botswana,BWA,2016,18.9,Botswana,8.503127870469159,30.5036832902084,19.50340558033878,0.6034055803387801
Gabon,GAB,2016,15.0,Gabon,10.035224504682699,21.1709231539087,15.603073829295699,0.603073829295699
Papua New Guinea,PNG,2006,15.9,Papua New Guinea,12.1351905374397,20.8598552552928,16.49752289636625,0.5975228963662484
Jamaica,JAM,2006,18.9,Jamaica,10.6008838297278,28.3722774407831,19.48658063525545,0.5865806352554515
Cote d'Ivoire,CIV,2006,6.6,Cote d'Ivoire,3.4851844828506597,10.8861451660551,7.185664824452879,0.5856648244528797
Saint Lucia,LCA,2016,19.7,Saint Lucia,12.4945935497114,28.0767246778142,20.2856591137628,0.5856591137628016
Switzerland,CHE,2006,15.9,Switzerland,18.038096725352602,14.9330086411998,16.4855526832762,0.5855526832761999
Peru,PER,2006,15.7,Peru,11.7491073458951,20.7981507458722,16.27362904588365,0.5736290458836493
Turkmenistan,TKM,2016,18.6,Turkmenistan,16.4929764961674,21.8442436273365,19.16861006175195,0.5686100617519472
Trinidad and Tobago,TTO,2016,18.6,Trinidad and Tobago,11.233121226677198,27.0961022103126,19.1646117184949,0.5646117184948984
Equatorial Guinea,GNQ,2016,8.0,Equatorial Guinea,3.9512588350056497,13.1740596611053,8.562659248055475,0.5626592480554748
Barbados,BRB,2006,17.9,Barbados,10.6464082848435,26.2575606611456,18.45198447299455,0.5519844729945511
Djibouti,DJI,2016,13.5,Djibouti,8.98162567936281,19.1106879809026,14.046156830132706,0.5461568301327056
Brazil,BRA,2006,17.3,Brazil,14.2266908993845,21.4636636731307,17.845177286257602,0.5451772862576014
Ecuador,ECU,2006,15.6,Ecuador,11.2963583259965,20.9721146732084,16.13423649960245,0.5342364996024518
Estonia,EST,2006,18.6,Estonia,17.0646337385353,21.1952199119714,19.12992682525335,0.529926825253348
Tajikistan,TJK,2016,14.2,Tajikistan,12.0452541522513,17.4065022042112,14.72587817823125,0.5258781782312507
Honduras,HND,2006,15.6,Honduras,10.9539372558222,21.2952288959167,16.124583075869452,0.5245830758694527
Nicaragua,NIC,2006,18.4,Nicaragua,13.505355796000401,24.3410055906245,18.923180693312453,0.5231806933124545
Uzbekistan,UZB,2016,16.6,Uzbekistan,14.368900119468,19.8627219466556,17.1158110330618,0.515811033061798
Mexico,MEX,2006,23.8,Mexico,19.7647016950513,28.857344334782898,24.311023014917097,0.5110230149170967
Bhutan,BTN,2016,6.4,Bhutan,4.923729014802429,8.89683725512795,6.91028313496519,0.5102831349651895
Moldova,MDA,2016,18.9,Moldova,16.7952136855538,22.02526711916,19.410240402356898,0.5102404023568994
Antigua and Barbuda,ATG,2006,14.7,Antigua and Barbuda,8.70858412018854,21.7090697648991,15.20882694254382,0.5088269425438199
Saint Kitts and Nevis,KNA,2006,17.2,Saint Kitts and Nevis,10.7333953315187,24.6816633734885,17.7075293525036,0.5075293525035995
Bosnia and Herzegovina,BIH,2006,14.3,Bosnia and Herzegovina,13.451898554323499,16.158399650498602,14.80514910241105,0.5051491024110497
Lesotho,LSO,2006,12.3,Lesotho,2.69801453070742,20.9141748245216,11.80609467761451,0.49390532238549056
Guyana,GUY,2016,20.2,Guyana,13.1954006216013,28.1906796409759,20.6930401312886,0.4930401312886019
Colombia,COL,2006,17.8,Colombia,13.586051590269,22.9790352508316,18.2825434205503,0.4825434205503001
Lithuania,LTU,2006,23.2,Lithuania,20.3615809757319,27.0019622588772,23.68177161730455,0.481771617304549
Mongolia,MNG,2006,14.3,Mongolia,11.6316977925354,17.9196108408442,14.7756543166898,0.4756543166897984
Morocco,MAR,2006,19.8,Morocco,13.8363625967487,26.710707912291596,20.273535254520148,0.4735352545201472
Armenia,ARM,2006,16.0,Armenia,13.3445427112393,19.5974895583516,16.47101613479545,0.47101613479544824
Yemen,YEM,2006,11.4,Yemen,7.4037568280758705,16.3205557539678,11.862156291021835,0.4621562910218344
Latvia,LVA,2006,20.7,Latvia,17.9288368435967,24.3947174325476,21.16177713807215,0.4617771380721507
Grenada,GRD,2006,16.2,Grenada,9.50579270882316,23.8014972553487,16.65364498208593,0.4536449820859296
Georgia,GEO,2006,16.1,Georgia,14.0172390335651,19.078595449317902,16.5479172414415,0.44791724144149825
Saint Lucia,LCA,2006,15.1,Saint Lucia,8.76815736152534,22.317581951203298,15.542869656364319,0.4428696563643193
Malaysia,MYS,2016,15.6,Malaysia,13.437500097920699,18.6385863337712,16.03804321584595,0.4380432158459495
Kyrgyzstan,KGZ,2016,16.6,Kyrgyzstan,14.6014177694166,19.473326383157698,17.03737207628715,0.43737207628714714
Tajikistan,TJK,2006,9.7,Tajikistan,7.98039853259374,12.2939577791128,10.13717815585327,0.437178155853271
Equatorial Guinea,GNQ,2006,5.4,Equatorial Guinea,2.45560156774419,9.20452526290837,5.830063415326279,0.4300634153262788
Trinidad and Tobago,TTO,2006,13.3,Trinidad and Tobago,7.44148112513934,20.0111105417976,13.72629583346847,0.426295833468469
Djibouti,DJI,2006,10.7,Djibouti,6.55602726482534,15.671550072596599,11.113788668710969,0.41378866871096953
Brunei,BRN,2006,9.4,Brunei Darussalam,7.779278232934191,11.8449681052001,9.812123169067146,0.4121231690671454
Belarus,BLR,2006,20.9,Belarus,17.7413001413542,24.8784538578673,21.30987699961075,0.4098769996107521
Pakistan,PAK,2016,8.6,Pakistan,6.26478238215907,11.7545149453755,9.009648663767285,0.40964866376728537
Moldova,MDA,2006,15.7,Moldova,12.727636629859902,19.4809556153755,16.1042961226177,0.4042961226177013
Russia,RUS,2016,23.1,Russian Federation,18.8793319805182,28.1128087880443,23.49607038428125,0.3960703842812485
Ukraine,UKR,2006,20.8,Ukraine,17.8585019114754,24.5170850785464,21.1877934950109,0.3877934950109001
Mauritania,MRT,2016,12.7,Mauritania,6.917277171941601,19.2563586005359,13.086817886238752,0.38681788623875235
Turkmenistan,TKM,2006,13.4,Turkmenistan,11.3202640445125,16.2510828411815,13.785673442847,0.3856734428469988
Maldives,MDV,2016,8.6,Maldives,6.07641423291711,11.8840791822723,8.980246707594706,0.380246707594706
Bhutan,BTN,2006,3.6,Bhutan,2.5431627699612,5.41685503409936,3.9800089020302796,0.3800089020302795
Uzbekistan,UZB,2006,11.8,Uzbekistan,9.83715009171166,14.520273318222298,12.178711704966979,0.37871170496697815
Cameroon,CMR,2016,11.4,Cameroon,6.38747969103754,17.1677106804459,11.77759518574172,0.37759518574172013
Liberia,LBR,2016,9.9,Liberia,5.732212020972479,14.8202555774252,10.27623379919884,0.3762337991988396
Kazakhstan,KAZ,2006,16.3,Kazakhstan,14.5146681488458,18.8339790440829,16.674323596464347,0.37432359646434676
Gabon,GAB,2006,11.4,Gabon,6.67320683155403,16.8712088357552,11.772207833654615,0.3722078336546151
Bolivia,BOL,2006,15.7,Bolivia,10.7207087110584,21.4137805798847,16.06724464547155,0.3672446454715512
Gambia,GMB,2016,10.3,Gambia,5.8743617969968795,15.460089159635402,10.66722547831614,0.36722547831613994
Azerbaijan,AZE,2006,14.8,Azerbaijan,11.44286298679,18.8782430174862,15.1605530021381,0.36055300213809893
Guatemala,GTM,2016,21.2,Guatemala,15.666650950162401,27.454319743967996,21.5604853470652,0.3604853470652003
Haiti,HTI,2006,14.7,Haiti,10.4594508145107,19.6567783511604,15.05811458283555,0.358114582835551
Malaysia,MYS,2006,9.9,Malaysia,7.61568808699565,12.889830384874202,10.252759235934926,0.35275923593492564
Kyrgyzstan,KGZ,2006,11.7,Kyrgyzstan,9.92215895211185,14.1804812659903,12.051320109051076,0.3513201090510769
Niger,NER,2016,5.5,Niger,2.58433012756124,9.10494199266361,5.844636060112425,0.34463606011242476
Seychelles,SYC,2006,10.4,Seychelles,5.26849554446017,16.211760601269702,10.740128072864936,0.3401280728649354
Congo,COG,2016,9.6,Congo,5.76801564431206,14.107126019598102,9.937570831955082,0.3375708319550821
Nigeria,NGA,2016,8.9,Nigeria,4.82237797166677,13.648759966832898,9.235568969249833,0.3355689692498327
Gambia,GMB,2006,6.6,Gambia,3.31047777209472,10.5392476693215,6.924862720708109,0.3248627207081096
Pakistan,PAK,2006,5.3,Pakistan,3.56137983364141,7.6613792041417605,5.611379518891585,0.3113795188915853
Cape Verde,CPV,2016,11.8,Cabo Verde,7.18779436890907,17.0340525223599,12.110923445634485,0.3109234456344847
Guyana,GUY,2006,14.8,Guyana,8.56208318764603,21.655138805108702,15.108610996377365,0.30861099637736444
Guatemala,GTM,2006,15.8,Guatemala,10.8646824268886,21.348513505013898,16.10659796595125,0.3065979659512479
Lesotho,LSO,2016,16.6,Lesotho,4.85971153119937,27.730730027635396,16.295220779417384,0.30477922058261697
Mauritius,MUS,2016,10.8,Mauritius,5.83081549374654,16.352524270851802,11.091669882299172,0.29166988229917123
Tanzania,TZA,2016,8.4,Tanzania,4.1562227962926395,13.217584978018301,8.68690388715547,0.28690388715546966
Comoros,COM,2016,7.8,Comoros,3.44355598830466,12.7115349052559,8.077545446780281,0.27754544678028115
Nigeria,NGA,2006,5.4,Nigeria,2.61797845076755,8.730028580919031,5.674003515843291,0.2740035158432903
China,CHN,2016,6.2,China,6.11174923595005,6.83133795814156,6.471543597045805,0.2715435970458051
Benin,BEN,2016,9.6,Benin,4.90426046471212,14.8373554206438,9.87080794267796,0.27080794267796016
Guinea-Bissau,GNB,2016,9.5,Guinea Bissau,5.25184860030536,14.2752584328138,9.763553516559579,0.26355351655957904
Philippines,PHL,2016,6.4,Philippines,5.46661112637638,7.85853962270474,6.66257537454056,0.26257537454055946
Thailand,THA,2016,10.0,Thailand,7.2612691401244005,13.2535737560762,10.2574214481003,0.25742144810030076
Zambia,ZMB,2016,8.1,Zambia,3.72274251574072,12.9886875441237,8.35571502993221,0.25571502993220996
Singapore,SGP,2016,6.1,Singapore,6.069014912017949,6.62824853469302,6.348631723355485,0.24863172335548533
Mali,MLI,2016,8.6,Mali,4.758568363800119,12.9201662105733,8.83936728718671,0.23936728718670963
Guinea,GIN,2016,7.7,Guinea,3.87325238670171,12.0051266468637,7.9391895167827045,0.23918951678270428
Maldives,MDV,2006,4.5,Maldives,2.64241353478633,6.82934137760102,4.735877456193675,0.23587745619367517
Indonesia,IDN,2016,6.9,Indonesia,4.97848357714258,9.27857960273227,7.128531589937425,0.2285315899374245
Sierra Leone,SLE,2016,8.7,Sierra Leone,3.97914360699819,13.8771213668596,8.928132486928895,0.22813248692889587
Democratic Republic of Congo,COD,2016,6.7,DR Congo,3.73164851585052,10.1214347729727,6.92654164441161,0.2265416444116095
Mauritius,MUS,2006,8.1,Mauritius,4.18495059594955,12.465987026250799,8.325468811100174,0.2254688111001748
Liberia,LBR,2006,6.8,Liberia,3.5716606828040196,10.4790623831435,7.0253615329737595,0.22536153297375972
Angola,AGO,2016,8.2,Angola,4.227555718084821,12.6102893034377,8.41892251076126,0.21892251076126001
Swaziland,SWZ,2006,12.7,Swaziland,3.5422880282446902,21.430248605000802,12.486268316622747,0.21373168337725268
China,CHN,2006,3.4,China,2.97980599774114,4.2446921104005195,3.61224905407083,0.21224905407082995
El Salvador,SLV,2016,24.6,El Salvador,19.5983904992383,30.0256679999569,24.8120292495976,0.21202924959759883
El Salvador,SLV,2006,18.9,El Salvador,14.0805583462724,24.1325475614468,19.106552953859598,0.2065529538595996
Guinea-Bissau,GNB,2006,5.9,Guinea Bissau,2.85948535438918,9.351908641404991,6.105696997897086,0.2056969978970855
Russia,RUS,2006,20.4,Russian Federation,14.687799665376,26.522666632649,20.6052331490125,0.2052331490124999
Cameroon,CMR,2006,7.7,Cameroon,3.8244338986231003,11.984445295565301,7.904439597094201,0.20443959709420056
Burundi,BDI,2016,5.4,Burundi,2.1978658677642997,9.00489259196196,5.60137922986313,0.20137922986312962
Congo,COG,2006,6.6,Congo,3.4338623916847997,10.1684802301021,6.80117131089345,0.20117131089345008
Madagascar,MDG,2016,5.3,Madagascar,3.11476283996869,7.88682267918418,5.500792759576434,0.2007927595764345
Kenya,KEN,2016,7.1,Kenya,2.97291204571827,11.613995591557499,7.293453818637884,0.19345381863788447
South Africa,ZAF,2016,28.3,South Africa,15.984961957441298,40.9926706661117,28.4888163117765,0.18881631177649894
India,IND,2016,3.9,India,2.87154583082912,5.30602003272252,4.08878293177582,0.18878293177582028
Chad,TCD,2016,6.1,Chad,3.2305789971517798,9.33723490178071,6.283906949466244,0.18390694946624464
Sao Tome and Principe,STP,2016,12.4,Sao Tome and Principe,7.511702228426021,17.6551666501379,12.58343443928196,0.18343443928196024
Tanzania,TZA,2006,5.1,Tanzania,2.29566820072607,8.26957392894033,5.2826210648332,0.1826210648332003
Afghanistan,AFG,2016,5.5,Afghanistan,3.36033942594302,8.002288513091269,5.681313969517145,0.18131396951714507
Indonesia,IDN,2006,3.8,Indonesia,2.3323035294652303,5.62918796442056,3.9807457469428953,0.18074574694289547
Bangladesh,BGD,2016,3.6,Bangladesh,2.37082902390262,5.18913161380624,3.77998031885443,0.17998031885443
Guinea,GIN,2006,4.9,Guinea,2.2505779008192497,7.90124254475208,5.075910222785665,0.1759102227856646
Niger,NER,2006,3.4,Niger,1.46190180795071,5.687897946840359,3.5748998773955347,0.1748998773955348
Philippines,PHL,2006,4.2,Philippines,3.2806188444454905,5.460044139503,4.3703314919742455,0.17033149197424535
Mauritania,MRT,2006,8.8,Mauritania,4.15730613493875,13.7832755376074,8.970290836273076,0.17029083627307529
Somalia,SOM,2016,8.3,Somalia,4.11734366391763,12.821785600104299,8.469564632010965,0.16956463201096383
North Korea,PRK,2016,6.8,North Korea,6.34237368445204,7.5946215923392195,6.96849763839563,0.16849763839563003
Zambia,ZMB,2006,5.3,Zambia,2.20027004125647,8.72914652452768,5.464708282892075,0.16470828289207518
Uganda,UGA,2016,5.3,Uganda,1.92460133892111,9.00425162841791,5.46442648366951,0.1644264836695104
Laos,LAO,2016,5.3,Lao PDR,3.9046669706455104,7.0224179484466,5.463542459546055,0.16354245954605506
Timor,TLS,2016,3.8,Timor-Leste,2.75984534671788,5.15000291876957,3.9549241327437255,0.15492413274372563
Bangladesh,BGD,2006,1.9,Bangladesh,1.14404303689663,2.95074633263513,2.04739468476588,0.14739468476588025
Afghanistan,AFG,2006,3.2,Afghanistan,1.80964129730776,4.88390768503604,3.3467744911719,0.14677449117189978
Sierra Leone,SLE,2006,5.8,Sierra Leone,2.37604969326282,9.51517257080378,5.9456111320333,0.14561113203330045
Togo,TGO,2016,8.4,Togo,4.03195079502897,13.0572362695839,8.544593532306434,0.14459353230643401
Ghana,GHA,2016,10.9,Ghana,4.74961768784293,17.3379611505733,11.043789419208114,0.1437894192081135
Singapore,SGP,2006,5.0,Singapore,4.36306559451793,5.92242698590832,5.142746290213125,0.14274629021312535
Burundi,BDI,2006,3.2,Burundi,1.23763616633988,5.44460634050292,3.3411212534214,0.14112125342139992
Central African Republic,CAF,2016,7.5,Central African Republic,3.8625676871654897,11.412300225324099,7.637433956244794,0.13743395624479415
Malawi,MWI,2016,5.8,Malawi,2.3087422187452002,9.55869704161931,5.933719630182255,0.13371963018225497
Madagascar,MDG,2006,3.1,Madagascar,1.69213126291481,4.77297104141578,3.232551152165295,0.1325511521652949
Somalia,SOM,2006,5.4,Somalia,2.45231518464883,8.608966561764241,5.5306408732065355,0.13064087320653517
Japan,JPN,2006,2.7,Japan,2.79268199504819,2.86848248575255,2.83058224040037,0.1305822404003698
Zimbabwe,ZWE,2016,15.5,Zimbabwe,4.931614968675619,26.323966447471598,15.627790708073608,0.12779070807360782
Comoros,COM,2006,5.3,Comoros,2.20876143131084,8.63186828993654,5.42031486062369,0.12031486062369012
Nepal,NPL,2016,4.1,Nepal,2.79904103298762,5.64098629338984,4.22001366318873,0.12001366318873075
Uganda,UGA,2006,3.2,Uganda,1.08586792452025,5.5523247167433,3.319096320631775,0.11909632063177478
Kenya,KEN,2006,4.4,Kenya,1.6935910180634302,7.3413395770106495,4.51746529753704,0.1174652975370396
Ethiopia,ETH,2016,4.5,Ethiopia,1.98086088715883,7.25356314706245,4.61721201711064,0.11721201711064033
Angola,AGO,2006,5.0,Angola,2.21391148464093,8.013333420443521,5.113622452542225,0.11362245254222536
Ghana,GHA,2006,7.4,Ghana,2.80414468173814,12.2225862331885,7.51336545746332,0.11336545746331961
Myanmar,MMR,2016,5.8,Myanmar,4.21025860655707,7.613184787914889,5.911721697235979,0.11172169723597936
Japan,JPN,2016,4.3,Japan,4.96557538614737,3.8577988947978703,4.411687140472621,0.11168714047262096
Thailand,THA,2006,5.4,Thailand,3.27201054370681,7.74864560352523,5.510328073616019,0.11032807361601904
Botswana,BWA,2006,15.5,Botswana,5.59317912935229,25.626396205091,15.609787667221646,0.10978766722164579
Chad,TCD,2006,3.9,Chad,1.9298650516259002,6.0783073955090705,4.0040862235674854,0.10408622356748554
South Africa,ZAF,2006,22.9,South Africa,10.4748734245277,35.1237284446516,22.79930093458965,0.10069906541034968
South Korea,KOR,2016,4.7,South Korea,4.5689766625679,5.0277334417306205,4.79835505214926,0.09835505214925977
Malawi,MWI,2006,3.6,Malawi,1.37465957740071,6.00940046887765,3.69203002313918,0.09203002313917974
India,IND,2006,2.3,India,1.5055873510531699,3.2740406992630104,2.38981402515809,0.08981402515809034
Namibia,NAM,2006,12.0,Namibia,4.23103476520183,19.594645647316,11.912840206258915,0.08715979374108507
Sri Lanka,LKA,2016,5.2,Sri Lanka,2.98236614760319,7.59133926444506,5.286852706024125,0.08685270602412487
Vietnam,VNM,2016,2.1,Viet Nam,1.66608167929919,2.7065382035544,2.186309941426795,0.08630994142679471
Timor,TLS,2006,2.0,Timor-Leste,1.27486524194706,2.8974432607505,2.08615425134878,0.08615425134878008
Nepal,NPL,2006,2.3,Nepal,1.4782037076496999,3.28405359331903,2.381128650484365,0.08112865048436513
North Korea,PRK,2006,4.9,North Korea,4.08625510717666,5.8739103888136395,4.98008274799515,0.08008274799514936
Democratic Republic of Congo,COD,2006,4.2,DR Congo,2.0638498498551,6.4831492195314,4.27349953469325,0.07349953469324966
Rwanda,RWA,2016,5.8,Rwanda,2.00582887907723,9.741068121149569,5.873448500113399,0.07344850011339954
Sao Tome and Principe,STP,2006,8.4,Sao Tome and Principe,4.458355670012059,12.4834642439297,8.470909956970878,0.07090995697087799
Swaziland,SWZ,2016,16.5,Swaziland,5.63461251198933,27.2245143685183,16.429563440253816,0.07043655974618446
South Korea,KOR,2006,3.5,South Korea,3.06747340074065,4.07122617466684,3.5693497877037452,0.06934978770374522
Central African Republic,CAF,2006,5.0,Central African Republic,2.33811531270352,7.797659386256569,5.067887349480045,0.06788734948004471
Rwanda,RWA,2006,3.3,Rwanda,1.01141974183325,5.71912724485734,3.365273493345295,0.0652734933452952
Mali,MLI,2006,5.3,Mali,2.54238840983038,8.18535970950205,5.363874059666215,0.06387405966621529
Sri Lanka,LKA,2006,3.0,Sri Lanka,1.50434488116068,4.61061367251466,3.05747927683767,0.05747927683766996
Benin,BEN,2006,6.5,Benin,2.95698305722524,10.1550897199119,6.55603638856857,0.05603638856856996
Zimbabwe,ZWE,2006,12.5,Zimbabwe,3.33696145546002,21.7625642693439,12.54976286240196,0.04976286240196082
Cambodia,KHM,2016,3.9,Cambodia,2.83969597271896,5.05749914997707,3.9485975613480147,0.04859756134801474
Ethiopia,ETH,2006,2.7,Ethiopia,1.1134439694620402,4.36986614634707,2.7416550579045547,0.04165505790455448
Burkina Faso,BFA,2006,3.1,Burkina Faso,1.3344348157499302,4.7858053375750105,3.0601200766624705,0.039879923337529544
Namibia,NAM,2016,17.2,Namibia,7.84719153836668,26.4765584111066,17.16187497473664,0.03812502526335848
Myanmar,MMR,2006,3.2,Myanmar,2.01729383602698,4.45530618664358,3.2363000113352802,0.03630001133528005
Mozambique,MOZ,2006,4.8,Mozambique,2.11859732970352,7.41253183209454,4.76556458089903,0.034435419100970144
Eritrea,ERI,2006,3.0,Eritrea,1.2129927888532102,4.8497406755509,3.031366732202055,0.031366732202055214
Vietnam,VNM,2006,1.0,Viet Nam,0.66706859659655,1.3943530596136,1.030710828105075,0.030710828105074972
Senegal,SEN,2006,6.0,Senegal,2.5824439102583,9.47245760775062,6.02745075900446,0.027450759004460146
Cambodia,KHM,2006,2.2,Cambodia,1.41923308932292,2.93200473594111,2.175618912632015,0.024381087367985277
Senegal,SEN,2016,8.8,Senegal,4.1488066366817495,13.499704290136899,8.824255463409324,0.024255463409323497
Eritrea,ERI,2016,5.0,Eritrea,2.13355188105362,7.91332428265681,5.023438081855215,0.023438081855214676
Cape Verde,CPV,2006,8.2,Cabo Verde,4.27271190513082,12.0844230611666,8.17856748314871,0.021432516851289662
Laos,LAO,2006,2.7,Lao PDR,1.6031581179418002,3.83414593305516,2.7186520254984803,0.018652025498480107
Togo,TGO,2006,5.5,Togo,2.34795066321141,8.67763757768942,5.512794120450415,0.012794120450415392
Mozambique,MOZ,2016,7.2,Mozambique,3.4246457743229,11.0001907577494,7.212418266036149,0.012418266036148928
Burkina Faso,BFA,2016,5.6,Burkina Faso,2.70321348846986,8.48866494894571,5.595939218707785,0.004060781292214877
