member_state,wiki_link,date_of_admission,source_url,access_date,channel
Afghanistan,https://en.wikipedia.org/wiki/Afghanistan,19 November 1946,https://en.wikipedia.org/wiki/Member_states_of_the_United_Nations,2026-09-04,firecrawl_search
Albania,https://en.wikipedia.org/wiki/Albania,14 December 1955,https://en.wikipedia.org/wiki/Member_states_of_the_United_Nations,2026-09-04,firecrawl_search
Algeria,https://en.wikipedia.org/wiki/Algeria,8 October 1962,https://en.wikipedia.org/wiki/Member_states_of_the_United_Nations,2026-09-04,firecrawl_search
Andorra,https://en.wikipedia.org/wiki/Andorra,28 July 1993,https://en.wikipedia.org/wiki/Member_states_of_the_United_Nations,2026-09-04,firecrawl_search
Angola,https://en.wikipedia.org/wiki/Angola,1 December 1976,https://en.wikipedia.org/wiki/Member_states_of_the_United_Nations,2026-09-04,firecrawl_search
Antigua and Barbuda,https://en.wikipedia.org/wiki/Antigua_and_Barbuda,11 November 1981,https://en.wikipedia.org/wiki/Member_states_of_the_United_Nations,2026-09-04,firecrawl_search
Argentina,https://en.wikipedia.org/wiki/Argentina,24 October 1945,https://en.wikipedia.org/wiki/Member_states_of_the_United_Nations,2026-09-04,firecrawl_search
Armenia,https://en.wikipedia.org/wiki/Armenia,2 March 1992,https://en.wikipedia.org/wiki/Member_states_of_the_United_Nations,2026-09-04,firecrawl_search
Australia,https://en.wikipedia.org/wiki/Australia,1 November 1945,https://en.wikipedia.org/wiki/Member_states_of_the_United_Nations,2026-09-04,firecrawl_search
Austria,https://en.wikipedia.org/wiki/Austria,14 December 1955,https://en.wikipedia.org/wiki/Member_states_of_the_United_Nations,2026-09-04,firecrawl_search
Azerbaijan,https://en.wikipedia.org/wiki/Azerbaijan,2 March 1992,https://en.wikipedia.org/wiki/Member_states_of_the_United_Nations,2026-09-04,firecrawl_search
"Bahamas, The",https://en.wikipedia.org/wiki/The_Bahamas,18 September 1973,https://en.wikipedia.org/wiki/Member_states_of_the_United_Nations,2026-09-04,firecrawl_search
Bahrain,https://en.wikipedia.org/wiki/Bahrain,21 September 1971,https://en.wikipedia.org/wiki/Member_states_of_the_United_Nations,2026-09-04,firecrawl_search
Bangladesh,https://en.wikipedia.org/wiki/Bangladesh,17 September 1974,https://en.wikipedia.org/wiki/Member_states_of_the_United_Nations,2026-09-04,firecrawl_search
Barbados,https://en.wikipedia.org/wiki/Barbados,9 December 1966,https://en.wikipedia.org/wiki/Member_states_of_the_United_Nations,2026-09-04,firecrawl_search
Belarus,https://en.wikipedia.org/wiki/Belarus,24 October 1945,https://en.wikipedia.org/wiki/Member_states_of_the_United_Nations,2026-09-04,firecrawl_search
Belgium,https://en.wikipedia.org/wiki/Belgium,27 December 1945,https://en.wikipedia.org/wiki/Member_states_of_the_United_Nations,2026-09-04,firecrawl_search
Belize,https://en.wikipedia.org/wiki/Belize,25 September 1981,https://en.wikipedia.org/wiki/Member_states_of_the_United_Nations,2026-09-04,firecrawl_search
Benin,https://en.wikipedia.org/wiki/Benin,20 September 1960,https://en.wikipedia.org/wiki/Member_states_of_the_United_Nations,2026-09-04,firecrawl_search
Bhutan,https://en.wikipedia.org/wiki/Bhutan,21 September 1971,https://en.wikipedia.org/wiki/Member_states_of_the_United_Nations,2026-09-04,firecrawl_search
Bolivia,https://en.wikipedia.org/wiki/Bolivia,14 November 1945,https://en.wikipedia.org/wiki/Member_states_of_the_United_Nations,2026-09-04,firecrawl_search
Bosnia and Herzegovina,https://en.wikipedia.org/wiki/Bosnia_and_Herzegovina,22 May 1992,https://en.wikipedia.org/wiki/Member_states_of_the_United_Nations,2026-09-04,firecrawl_search
Botswana,https://en.wikipedia.org/wiki/Botswana,17 October 1966,https://en.wikipedia.org/wiki/Member_states_of_the_United_Nations,2026-09-04,firecrawl_search
Brazil,https://en.wikipedia.org/wiki/Brazil,24 October 1945,https://en.wikipedia.org/wiki/Member_states_of_the_United_Nations,2026-09-04,firecrawl_search
Brunei,https://en.wikipedia.org/wiki/Brunei,21 September 1984,https://en.wikipedia.org/wiki/Member_states_of_the_United_Nations,2026-09-04,firecrawl_search
Bulgaria,https://en.wikipedia.org/wiki/Bulgaria,14 December 1955,https://en.wikipedia.org/wiki/Member_states_of_the_United_Nations,2026-09-04,firecrawl_search
Burkina Faso,https://en.wikipedia.org/wiki/Burkina_Faso,20 September 1960,https://en.wikipedia.org/wiki/Member_states_of_the_United_Nations,2026-09-04,firecrawl_search
Burundi,https://en.wikipedia.org/wiki/Burundi,18 September 1962,https://en.wikipedia.org/wiki/Member_states_of_the_United_Nations,2026-09-04,firecrawl_search
Cabo Verde,https://en.wikipedia.org/wiki/Cape_Verde,16 September 1975,https://en.wikipedia.org/wiki/Member_states_of_the_United_Nations,2026-09-04,firecrawl_search
Cambodia,https://en.wikipedia.org/wiki/Cambodia,14 December 1955,https://en.wikipedia.org/wiki/Member_states_of_the_United_Nations,2026-09-04,firecrawl_search
Cameroon,https://en.wikipedia.org/wiki/Cameroon,20 September 1960,https://en.wikipedia.org/wiki/Member_states_of_the_United_Nations,2026-09-04,firecrawl_search
Canada,https://en.wikipedia.org/wiki/Canada,9 November 1945,https://en.wikipedia.org/wiki/Member_states_of_the_United_Nations,2026-09-04,firecrawl_search
Central African Republic,https://en.wikipedia.org/wiki/Central_African_Republic,20 September 1960,https://en.wikipedia.org/wiki/Member_states_of_the_United_Nations,2026-09-04,firecrawl_search
Chad,https://en.wikipedia.org/wiki/Chad,20 September 1960,https://en.wikipedia.org/wiki/Member_states_of_the_United_Nations,2026-09-04,firecrawl_search
Chile,https://en.wikipedia.org/wiki/Chile,24 October 1945,https://en.wikipedia.org/wiki/Member_states_of_the_United_Nations,2026-09-04,firecrawl_search
China,https://en.wikipedia.org/wiki/China,24 October 1945,https://en.wikipedia.org/wiki/Member_states_of_the_United_Nations,2026-09-04,firecrawl_search
Colombia,https://en.wikipedia.org/wiki/Colombia,5 November 1945,https://en.wikipedia.org/wiki/Member_states_of_the_United_Nations,2026-09-04,firecrawl_search
Comoros,https://en.wikipedia.org/wiki/Comoros,12 November 1975,https://en.wikipedia.org/wiki/Member_states_of_the_United_Nations,2026-09-04,firecrawl_search
Congo,https://en.wikipedia.org/wiki/Republic_of_the_Congo,20 September 1960,https://en.wikipedia.org/wiki/Member_states_of_the_United_Nations,2026-09-04,firecrawl_search
Costa Rica,https://en.wikipedia.org/wiki/Costa_Rica,2 November 1945,https://en.wikipedia.org/wiki/Member_states_of_the_United_Nations,2026-09-04,firecrawl_search
Côte d'Ivoire,https://en.wikipedia.org/wiki/Ivory_Coast,20 September 1960,https://en.wikipedia.org/wiki/Member_states_of_the_United_Nations,2026-09-04,firecrawl_search
Croatia,https://en.wikipedia.org/wiki/Croatia,22 May 1992,https://en.wikipedia.org/wiki/Member_states_of_the_United_Nations,2026-09-04,firecrawl_search
Cuba,https://en.wikipedia.org/wiki/Cuba,24 October 1945,https://en.wikipedia.org/wiki/Member_states_of_the_United_Nations,2026-09-04,firecrawl_search
Cyprus,https://en.wikipedia.org/wiki/Cyprus,20 September 1960,https://en.wikipedia.org/wiki/Member_states_of_the_United_Nations,2026-09-04,firecrawl_search
Czechia,https://en.wikipedia.org/wiki/Czech_Republic,19 January 1993,https://en.wikipedia.org/wiki/Member_states_of_the_United_Nations,2026-09-04,firecrawl_search
Democratic People's Republic of Korea,https://en.wikipedia.org/wiki/Democratic_People's_Republic_of_Korea,17 September 1991,https://en.wikipedia.org/wiki/Member_states_of_the_United_Nations,2026-09-04,firecrawl_search
Democratic Republic of the Congo,https://en.wikipedia.org/wiki/Democratic_Republic_of_the_Congo,20 September 1960,https://en.wikipedia.org/wiki/Member_states_of_the_United_Nations,2026-09-04,firecrawl_search
Denmark,https://en.wikipedia.org/wiki/Danish_Realm,24 October 1945,https://en.wikipedia.org/wiki/Member_states_of_the_United_Nations,2026-09-04,firecrawl_search
Djibouti,https://en.wikipedia.org/wiki/Djibouti,20 September 1977,https://en.wikipedia.org/wiki/Member_states_of_the_United_Nations,2026-09-04,firecrawl_search
Dominica,https://en.wikipedia.org/wiki/Dominica,18 December 1978,https://en.wikipedia.org/wiki/Member_states_of_the_United_Nations,2026-09-04,firecrawl_search
Dominican Republic,https://en.wikipedia.org/wiki/Dominican_Republic,24 October 1945,https://en.wikipedia.org/wiki/Member_states_of_the_United_Nations,2026-09-04,firecrawl_search
Ecuador,https://en.wikipedia.org/wiki/Ecuador,21 December 1945,https://en.wikipedia.org/wiki/Member_states_of_the_United_Nations,2026-09-04,firecrawl_search
Egypt,https://en.wikipedia.org/wiki/Egypt,24 October 1945,https://en.wikipedia.org/wiki/Member_states_of_the_United_Nations,2026-09-04,firecrawl_search
El Salvador,https://en.wikipedia.org/wiki/El_Salvador,24 October 1945,https://en.wikipedia.org/wiki/Member_states_of_the_United_Nations,2026-09-04,firecrawl_search
Equatorial Guinea,https://en.wikipedia.org/wiki/Equatorial_Guinea,12 November 1968,https://en.wikipedia.org/wiki/Member_states_of_the_United_Nations,2026-09-04,firecrawl_search
Eritrea,https://en.wikipedia.org/wiki/Eritrea,28 May 1993,https://en.wikipedia.org/wiki/Member_states_of_the_United_Nations,2026-09-04,firecrawl_search
Estonia,https://en.wikipedia.org/wiki/Estonia,17 September 1991,https://en.wikipedia.org/wiki/Member_states_of_the_United_Nations,2026-09-04,firecrawl_search
Eswatini,https://en.wikipedia.org/wiki/Eswatini,24 September 1968,https://en.wikipedia.org/wiki/Member_states_of_the_United_Nations,2026-09-04,firecrawl_search
Ethiopia,https://en.wikipedia.org/wiki/Ethiopia,13 November 1945,https://en.wikipedia.org/wiki/Member_states_of_the_United_Nations,2026-09-04,firecrawl_search
Fiji,https://en.wikipedia.org/wiki/Fiji,13 October 1970,https://en.wikipedia.org/wiki/Member_states_of_the_United_Nations,2026-09-04,firecrawl_search
Finland,https://en.wikipedia.org/wiki/Finland,14 December 1955,https://en.wikipedia.org/wiki/Member_states_of_the_United_Nations,2026-09-04,firecrawl_search
France,https://en.wikipedia.org/wiki/France,24 October 1945,https://en.wikipedia.org/wiki/Member_states_of_the_United_Nations,2026-09-04,firecrawl_search
Gabon,https://en.wikipedia.org/wiki/Gabon,20 September 1960,https://en.wikipedia.org/wiki/Member_states_of_the_United_Nations,2026-09-04,firecrawl_search
Gambia (Republic of The),https://en.wikipedia.org/wiki/The_Gambia,21 September 1965,https://en.wikipedia.org/wiki/Member_states_of_the_United_Nations,2026-09-04,firecrawl_search
Georgia,https://en.wikipedia.org/wiki/Georgia_(country,31 July 1992,https://en.wikipedia.org/wiki/Member_states_of_the_United_Nations,2026-09-04,firecrawl_search
Germany,https://en.wikipedia.org/wiki/Germany,18 September 1973,https://en.wikipedia.org/wiki/Member_states_of_the_United_Nations,2026-09-04,firecrawl_search
Ghana,https://en.wikipedia.org/wiki/Ghana,8 March 1957,https://en.wikipedia.org/wiki/Member_states_of_the_United_Nations,2026-09-04,firecrawl_search
Greece,https://en.wikipedia.org/wiki/Greece,25 October 1945,https://en.wikipedia.org/wiki/Member_states_of_the_United_Nations,2026-09-04,firecrawl_search
Grenada,https://en.wikipedia.org/wiki/Grenada,17 September 1974,https://en.wikipedia.org/wiki/Member_states_of_the_United_Nations,2026-09-04,firecrawl_search
Guatemala,https://en.wikipedia.org/wiki/Guatemala,21 November 1945,https://en.wikipedia.org/wiki/Member_states_of_the_United_Nations,2026-09-04,firecrawl_search
Guinea,https://en.wikipedia.org/wiki/Guinea,12 December 1958,https://en.wikipedia.org/wiki/Member_states_of_the_United_Nations,2026-09-04,firecrawl_search
Guinea-Bissau,https://en.wikipedia.org/wiki/Guinea-Bissau,17 September 1974,https://en.wikipedia.org/wiki/Member_states_of_the_United_Nations,2026-09-04,firecrawl_search
Guyana,https://en.wikipedia.org/wiki/Guyana,20 September 1966,https://en.wikipedia.org/wiki/Member_states_of_the_United_Nations,2026-09-04,firecrawl_search
Haiti,https://en.wikipedia.org/wiki/Haiti,24 October 1945,https://en.wikipedia.org/wiki/Member_states_of_the_United_Nations,2026-09-04,firecrawl_search
Honduras,https://en.wikipedia.org/wiki/Honduras,17 December 1945,https://en.wikipedia.org/wiki/Member_states_of_the_United_Nations,2026-09-04,firecrawl_search
Hungary,https://en.wikipedia.org/wiki/Hungary,14 December 1955,https://en.wikipedia.org/wiki/Member_states_of_the_United_Nations,2026-09-04,firecrawl_search
Iceland,https://en.wikipedia.org/wiki/Iceland,19 November 1946,https://en.wikipedia.org/wiki/Member_states_of_the_United_Nations,2026-09-04,firecrawl_search
India,https://en.wikipedia.org/wiki/India,30 October 1945,https://en.wikipedia.org/wiki/Member_states_of_the_United_Nations,2026-09-04,firecrawl_search
Indonesia,https://en.wikipedia.org/wiki/Indonesia,28 September 1950,https://en.wikipedia.org/wiki/Member_states_of_the_United_Nations,2026-09-04,firecrawl_search
Iran (Islamic Republic of),https://en.wikipedia.org/wiki/Iran,24 October 1945,https://en.wikipedia.org/wiki/Member_states_of_the_United_Nations,2026-09-04,firecrawl_search
Iraq,https://en.wikipedia.org/wiki/Iraq,21 December 1945,https://en.wikipedia.org/wiki/Member_states_of_the_United_Nations,2026-09-04,firecrawl_search
Ireland,https://en.wikipedia.org/wiki/Republic_of_Ireland,14 December 1955,https://en.wikipedia.org/wiki/Member_states_of_the_United_Nations,2026-09-04,firecrawl_search
Israel,https://en.wikipedia.org/wiki/Israel,11 May 1949,https://en.wikipedia.org/wiki/Member_states_of_the_United_Nations,2026-09-04,firecrawl_search
Italy,https://en.wikipedia.org/wiki/Italy,14 December 1955,https://en.wikipedia.org/wiki/Member_states_of_the_United_Nations,2026-09-04,firecrawl_search
Jamaica,https://en.wikipedia.org/wiki/Jamaica,18 September 1962,https://en.wikipedia.org/wiki/Member_states_of_the_United_Nations,2026-09-04,firecrawl_search
Japan,https://en.wikipedia.org/wiki/Japan,18 December 1956,https://en.wikipedia.org/wiki/Member_states_of_the_United_Nations,2026-09-04,firecrawl_search
Jordan,https://en.wikipedia.org/wiki/Jordan,14 December 1955,https://en.wikipedia.org/wiki/Member_states_of_the_United_Nations,2026-09-04,firecrawl_search
Kazakhstan,https://en.wikipedia.org/wiki/Kazakhstan,2 March 1992,https://en.wikipedia.org/wiki/Member_states_of_the_United_Nations,2026-09-04,firecrawl_search
Kenya,https://en.wikipedia.org/wiki/Kenya,16 December 1963,https://en.wikipedia.org/wiki/Member_states_of_the_United_Nations,2026-09-04,firecrawl_search
Kiribati,https://en.wikipedia.org/wiki/Kiribati,14 September 1999,https://en.wikipedia.org/wiki/Member_states_of_the_United_Nations,2026-09-04,firecrawl_search
Kuwait,https://en.wikipedia.org/wiki/Kuwait,14 May 1963,https://en.wikipedia.org/wiki/Member_states_of_the_United_Nations,2026-09-04,firecrawl_search
Kyrgyzstan,https://en.wikipedia.org/wiki/Kyrgyzstan,2 March 1992,https://en.wikipedia.org/wiki/Member_states_of_the_United_Nations,2026-09-04,firecrawl_search
Lao People's Democratic Republic,https://en.wikipedia.org/wiki/Laos,14 December 1955,https://en.wikipedia.org/wiki/Member_states_of_the_United_Nations,2026-09-04,firecrawl_search
Latvia,https://en.wikipedia.org/wiki/Latvia,17 September 1991,https://en.wikipedia.org/wiki/Member_states_of_the_United_Nations,2026-09-04,firecrawl_search
Lebanon,https://en.wikipedia.org/wiki/Lebanon,24 October 1945,https://en.wikipedia.org/wiki/Member_states_of_the_United_Nations,2026-09-04,firecrawl_search
Lesotho,https://en.wikipedia.org/wiki/Lesotho,17 October 1966,https://en.wikipedia.org/wiki/Member_states_of_the_United_Nations,2026-09-04,firecrawl_search
Liberia,https://en.wikipedia.org/wiki/Liberia,2 November 1945,https://en.wikipedia.org/wiki/Member_states_of_the_United_Nations,2026-09-04,firecrawl_search
Libya,https://en.wikipedia.org/wiki/Libya,14 December 1955,https://en.wikipedia.org/wiki/Member_states_of_the_United_Nations,2026-09-04,firecrawl_search
Liechtenstein,https://en.wikipedia.org/wiki/Liechtenstein,18 September 1990,https://en.wikipedia.org/wiki/Member_states_of_the_United_Nations,2026-09-04,firecrawl_search
Lithuania,https://en.wikipedia.org/wiki/Lithuania,17 September 1991,https://en.wikipedia.org/wiki/Member_states_of_the_United_Nations,2026-09-04,firecrawl_search
Luxembourg,https://en.wikipedia.org/wiki/Luxembourg,24 October 1945,https://en.wikipedia.org/wiki/Member_states_of_the_United_Nations,2026-09-04,firecrawl_search
Madagascar,https://en.wikipedia.org/wiki/Madagascar,20 September 1960,https://en.wikipedia.org/wiki/Member_states_of_the_United_Nations,2026-09-04,firecrawl_search
Malawi,https://en.wikipedia.org/wiki/Malawi,1 December 1964,https://en.wikipedia.org/wiki/Member_states_of_the_United_Nations,2026-09-04,firecrawl_search
Malaysia,https://en.wikipedia.org/wiki/Malaysia,17 September 1957,https://en.wikipedia.org/wiki/Member_states_of_the_United_Nations,2026-09-04,firecrawl_search
Maldives,https://en.wikipedia.org/wiki/Maldives,21 September 1965,https://en.wikipedia.org/wiki/Member_states_of_the_United_Nations,2026-09-04,firecrawl_search
Mali,https://en.wikipedia.org/wiki/Mali,28 September 1960,https://en.wikipedia.org/wiki/Member_states_of_the_United_Nations,2026-09-04,firecrawl_search
Malta,https://en.wikipedia.org/wiki/Malta,1 December 1964,https://en.wikipedia.org/wiki/Member_states_of_the_United_Nations,2026-09-04,firecrawl_search
Marshall Islands,https://en.wikipedia.org/wiki/Marshall_Islands,17 September 1991,https://en.wikipedia.org/wiki/Member_states_of_the_United_Nations,2026-09-04,firecrawl_search
Mauritania,https://en.wikipedia.org/wiki/Mauritania,27 October 1961,https://en.wikipedia.org/wiki/Member_states_of_the_United_Nations,2026-09-04,firecrawl_search
Mauritius,https://en.wikipedia.org/wiki/Mauritius,24 April 1968,https://en.wikipedia.org/wiki/Member_states_of_the_United_Nations,2026-09-04,firecrawl_search
Mexico,https://en.wikipedia.org/wiki/Mexico,7 November 1945,https://en.wikipedia.org/wiki/Member_states_of_the_United_Nations,2026-09-04,firecrawl_search
Micronesia (Federated States of),https://en.wikipedia.org/wiki/Federated_States_of_Micronesia,17 September 1991,https://en.wikipedia.org/wiki/Member_states_of_the_United_Nations,2026-09-04,firecrawl_search
Monaco,https://en.wikipedia.org/wiki/Monaco,28 May 1993,https://en.wikipedia.org/wiki/Member_states_of_the_United_Nations,2026-09-04,firecrawl_search
Mongolia,https://en.wikipedia.org/wiki/Mongolia,27 October 1961,https://en.wikipedia.org/wiki/Member_states_of_the_United_Nations,2026-09-04,firecrawl_search
Montenegro,https://en.wikipedia.org/wiki/Montenegro,28 June 2006,https://en.wikipedia.org/wiki/Member_states_of_the_United_Nations,2026-09-04,firecrawl_search
Morocco,https://en.wikipedia.org/wiki/Morocco,12 November 1956,https://en.wikipedia.org/wiki/Member_states_of_the_United_Nations,2026-09-04,firecrawl_search
Mozambique,https://en.wikipedia.org/wiki/Mozambique,16 September 1975,https://en.wikipedia.org/wiki/Member_states_of_the_United_Nations,2026-09-04,firecrawl_search
Myanmar,https://en.wikipedia.org/wiki/Myanmar,19 April 1948,https://en.wikipedia.org/wiki/Member_states_of_the_United_Nations,2026-09-04,firecrawl_search
Namibia,https://en.wikipedia.org/wiki/Namibia,23 April 1990,https://en.wikipedia.org/wiki/Member_states_of_the_United_Nations,2026-09-04,firecrawl_search
Naoero,https://en.wikipedia.org/wiki/Nauru,14 September 1999,https://en.wikipedia.org/wiki/Member_states_of_the_United_Nations,2026-09-04,firecrawl_search
Nepal,https://en.wikipedia.org/wiki/Nepal,14 December 1955,https://en.wikipedia.org/wiki/Member_states_of_the_United_Nations,2026-09-04,firecrawl_search
Netherlands,https://en.wikipedia.org/wiki/Netherlands,10 December 1945,https://en.wikipedia.org/wiki/Member_states_of_the_United_Nations,2026-09-04,firecrawl_search
New Zealand,https://en.wikipedia.org/wiki/New_Zealand,24 October 1945,https://en.wikipedia.org/wiki/Member_states_of_the_United_Nations,2026-09-04,firecrawl_search
Nicaragua,https://en.wikipedia.org/wiki/Nicaragua,24 October 1945,https://en.wikipedia.org/wiki/Member_states_of_the_United_Nations,2026-09-04,firecrawl_search
Niger,https://en.wikipedia.org/wiki/Niger,20 September 1960,https://en.wikipedia.org/wiki/Member_states_of_the_United_Nations,2026-09-04,firecrawl_search
Nigeria,https://en.wikipedia.org/wiki/Nigeria,7 October 1960,https://en.wikipedia.org/wiki/Member_states_of_the_United_Nations,2026-09-04,firecrawl_search
North Macedonia,https://en.wikipedia.org/wiki/North_Macedonia,8 April 1993,https://en.wikipedia.org/wiki/Member_states_of_the_United_Nations,2026-09-04,firecrawl_search
Norway,https://en.wikipedia.org/wiki/Norway,27 November 1945,https://en.wikipedia.org/wiki/Member_states_of_the_United_Nations,2026-09-04,firecrawl_search
Oman,https://en.wikipedia.org/wiki/Oman,7 October 1971,https://en.wikipedia.org/wiki/Member_states_of_the_United_Nations,2026-09-04,firecrawl_search
Pakistan,https://en.wikipedia.org/wiki/Pakistan,30 September 1947,https://en.wikipedia.org/wiki/Member_states_of_the_United_Nations,2026-09-04,firecrawl_search
Palau,https://en.wikipedia.org/wiki/Palau,15 December 1994,https://en.wikipedia.org/wiki/Member_states_of_the_United_Nations,2026-09-04,firecrawl_search
Panama,https://en.wikipedia.org/wiki/Panama,13 November 1945,https://en.wikipedia.org/wiki/Member_states_of_the_United_Nations,2026-09-04,firecrawl_search
Papua New Guinea,https://en.wikipedia.org/wiki/Papua_New_Guinea,10 October 1975,https://en.wikipedia.org/wiki/Member_states_of_the_United_Nations,2026-09-04,firecrawl_search
Paraguay,https://en.wikipedia.org/wiki/Paraguay,24 October 1945,https://en.wikipedia.org/wiki/Member_states_of_the_United_Nations,2026-09-04,firecrawl_search
Peru,https://en.wikipedia.org/wiki/Peru,31 October 1945,https://en.wikipedia.org/wiki/Member_states_of_the_United_Nations,2026-09-04,firecrawl_search
Philippines,https://en.wikipedia.org/wiki/Philippines,24 October 1945,https://en.wikipedia.org/wiki/Member_states_of_the_United_Nations,2026-09-04,firecrawl_search
Poland,https://en.wikipedia.org/wiki/Poland,24 October 1945,https://en.wikipedia.org/wiki/Member_states_of_the_United_Nations,2026-09-04,firecrawl_search
Portugal,https://en.wikipedia.org/wiki/Portugal,14 December 1955,https://en.wikipedia.org/wiki/Member_states_of_the_United_Nations,2026-09-04,firecrawl_search
Qatar,https://en.wikipedia.org/wiki/Qatar,21 September 1971,https://en.wikipedia.org/wiki/Member_states_of_the_United_Nations,2026-09-04,firecrawl_search
Republic of Korea,https://en.wikipedia.org/wiki/Republic_of_Korea,17 September 1991,https://en.wikipedia.org/wiki/Member_states_of_the_United_Nations,2026-09-04,firecrawl_search
Republic of Moldova,https://en.wikipedia.org/wiki/Moldova,2 March 1992,https://en.wikipedia.org/wiki/Member_states_of_the_United_Nations,2026-09-04,firecrawl_search
Romania,https://en.wikipedia.org/wiki/Romania,14 December 1955,https://en.wikipedia.org/wiki/Member_states_of_the_United_Nations,2026-09-04,firecrawl_search
Russian Federation,https://en.wikipedia.org/wiki/Russia,24 October 1945,https://en.wikipedia.org/wiki/Member_states_of_the_United_Nations,2026-09-04,firecrawl_search
Rwanda,https://en.wikipedia.org/wiki/Rwanda,18 September 1962,https://en.wikipedia.org/wiki/Member_states_of_the_United_Nations,2026-09-04,firecrawl_search
Saint Kitts and Nevis,https://en.wikipedia.org/wiki/Saint_Kitts_and_Nevis,23 September 1983,https://en.wikipedia.org/wiki/Member_states_of_the_United_Nations,2026-09-04,firecrawl_search
Saint Lucia,https://en.wikipedia.org/wiki/Saint_Lucia,18 September 1979,https://en.wikipedia.org/wiki/Member_states_of_the_United_Nations,2026-09-04,firecrawl_search
Saint Vincent and the Grenadines,https://en.wikipedia.org/wiki/Saint_Vincent_and_the_Grenadines,16 September 1980,https://en.wikipedia.org/wiki/Member_states_of_the_United_Nations,2026-09-04,firecrawl_search
Samoa,https://en.wikipedia.org/wiki/Samoa,15 December 1976,https://en.wikipedia.org/wiki/Member_states_of_the_United_Nations,2026-09-04,firecrawl_search
San Marino,https://en.wikipedia.org/wiki/San_Marino,2 March 1992,https://en.wikipedia.org/wiki/Member_states_of_the_United_Nations,2026-09-04,firecrawl_search
Sao Tome and Principe,https://en.wikipedia.org/wiki/S%C3%A3o_Tom%C3%A9_and_Pr%C3%ADncipe,16 September 1975,https://en.wikipedia.org/wiki/Member_states_of_the_United_Nations,2026-09-04,firecrawl_search
Saudi Arabia,https://en.wikipedia.org/wiki/Saudi_Arabia,24 October 1945,https://en.wikipedia.org/wiki/Member_states_of_the_United_Nations,2026-09-04,firecrawl_search
Senegal,https://en.wikipedia.org/wiki/Senegal,28 September 1960,https://en.wikipedia.org/wiki/Member_states_of_the_United_Nations,2026-09-04,firecrawl_search
Serbia,https://en.wikipedia.org/wiki/Serbia,1 November 2000,https://en.wikipedia.org/wiki/Member_states_of_the_United_Nations,2026-09-04,firecrawl_search
Seychelles,https://en.wikipedia.org/wiki/Seychelles,21 September 1976,https://en.wikipedia.org/wiki/Member_states_of_the_United_Nations,2026-09-04,firecrawl_search
Sierra Leone,https://en.wikipedia.org/wiki/Sierra_Leone,27 September 1961,https://en.wikipedia.org/wiki/Member_states_of_the_United_Nations,2026-09-04,firecrawl_search
Singapore,https://en.wikipedia.org/wiki/Singapore,21 September 1965,https://en.wikipedia.org/wiki/Member_states_of_the_United_Nations,2026-09-04,firecrawl_search
Slovakia,https://en.wikipedia.org/wiki/Slovakia,19 January 1993,https://en.wikipedia.org/wiki/Member_states_of_the_United_Nations,2026-09-04,firecrawl_search
Slovenia,https://en.wikipedia.org/wiki/Slovenia,22 May 1992,https://en.wikipedia.org/wiki/Member_states_of_the_United_Nations,2026-09-04,firecrawl_search
Solomon Islands,https://en.wikipedia.org/wiki/Solomon_Islands,19 September 1978,https://en.wikipedia.org/wiki/Member_states_of_the_United_Nations,2026-09-04,firecrawl_search
Somalia,https://en.wikipedia.org/wiki/Somalia,20 September 1960,https://en.wikipedia.org/wiki/Member_states_of_the_United_Nations,2026-09-04,firecrawl_search
South Africa,https://en.wikipedia.org/wiki/South_Africa,7 November 1945,https://en.wikipedia.org/wiki/Member_states_of_the_United_Nations,2026-09-04,firecrawl_search
South Sudan,https://en.wikipedia.org/wiki/South_Sudan,14 July 2011,https://en.wikipedia.org/wiki/Member_states_of_the_United_Nations,2026-09-04,firecrawl_search
Spain,https://en.wikipedia.org/wiki/Spain,14 December 1955,https://en.wikipedia.org/wiki/Member_states_of_the_United_Nations,2026-09-04,firecrawl_search
Sri Lanka,https://en.wikipedia.org/wiki/Sri_Lanka,14 December 1955,https://en.wikipedia.org/wiki/Member_states_of_the_United_Nations,2026-09-04,firecrawl_search
Sudan,https://en.wikipedia.org/wiki/Sudan,12 November 1956,https://en.wikipedia.org/wiki/Member_states_of_the_United_Nations,2026-09-04,firecrawl_search
Suriname,https://en.wikipedia.org/wiki/Suriname,4 December 1975,https://en.wikipedia.org/wiki/Member_states_of_the_United_Nations,2026-09-04,firecrawl_search
Sweden,https://en.wikipedia.org/wiki/Sweden,19 November 1946,https://en.wikipedia.org/wiki/Member_states_of_the_United_Nations,2026-09-04,firecrawl_search
Switzerland,https://en.wikipedia.org/wiki/Switzerland,10 September 2002,https://en.wikipedia.org/wiki/Member_states_of_the_United_Nations,2026-09-04,firecrawl_search
Syrian Arab Republic,https://en.wikipedia.org/wiki/Syria,24 October 1945,https://en.wikipedia.org/wiki/Member_states_of_the_United_Nations,2026-09-04,firecrawl_search
Tajikistan,https://en.wikipedia.org/wiki/Tajikistan,2 March 1992,https://en.wikipedia.org/wiki/Member_states_of_the_United_Nations,2026-09-04,firecrawl_search
Thailand,https://en.wikipedia.org/wiki/Thailand,16 December 1946,https://en.wikipedia.org/wiki/Member_states_of_the_United_Nations,2026-09-04,firecrawl_search
Timor-Leste,https://en.wikipedia.org/wiki/Timor-Leste,27 September 2002,https://en.wikipedia.org/wiki/Member_states_of_the_United_Nations,2026-09-04,firecrawl_search
Togo,https://en.wikipedia.org/wiki/Togo,20 September 1960,https://en.wikipedia.org/wiki/Member_states_of_the_United_Nations,2026-09-04,firecrawl_search
Tonga,https://en.wikipedia.org/wiki/Tonga,14 September 1999,https://en.wikipedia.org/wiki/Member_states_of_the_United_Nations,2026-09-04,firecrawl_search
Trinidad and Tobago,https://en.wikipedia.org/wiki/Trinidad_and_Tobago,18 September 1962,https://en.wikipedia.org/wiki/Member_states_of_the_United_Nations,2026-09-04,firecrawl_search
Tunisia,https://en.wikipedia.org/wiki/Tunisia,12 November 1956,https://en.wikipedia.org/wiki/Member_states_of_the_United_Nations,2026-09-04,firecrawl_search
Türkiye,https://en.wikipedia.org/wiki/Turkey,24 October 1945,https://en.wikipedia.org/wiki/Member_states_of_the_United_Nations,2026-09-04,firecrawl_search
Turkmenistan,https://en.wikipedia.org/wiki/Turkmenistan,2 March 1992,https://en.wikipedia.org/wiki/Member_states_of_the_United_Nations,2026-09-04,firecrawl_search
Tuvalu,https://en.wikipedia.org/wiki/Tuvalu,5 September 2000,https://en.wikipedia.org/wiki/Member_states_of_the_United_Nations,2026-09-04,firecrawl_search
Uganda,https://en.wikipedia.org/wiki/Uganda,25 October 1962,https://en.wikipedia.org/wiki/Member_states_of_the_United_Nations,2026-09-04,firecrawl_search
Ukraine,https://en.wikipedia.org/wiki/Ukraine,24 October 1945,https://en.wikipedia.org/wiki/Member_states_of_the_United_Nations,2026-09-04,firecrawl_search
United Arab Emirates,https://en.wikipedia.org/wiki/United_Arab_Emirates,9 December 1971,https://en.wikipedia.org/wiki/Member_states_of_the_United_Nations,2026-09-04,firecrawl_search
United Kingdom of Great Britain and Northern Ireland,https://en.wikipedia.org/wiki/United_Kingdom,24 October 1945,https://en.wikipedia.org/wiki/Member_states_of_the_United_Nations,2026-09-04,firecrawl_search
United Republic of Tanzania,https://en.wikipedia.org/wiki/Tanzania,14 December 1961,https://en.wikipedia.org/wiki/Member_states_of_the_United_Nations,2026-09-04,firecrawl_search
United States of America,https://en.wikipedia.org/wiki/United_States,24 October 1945,https://en.wikipedia.org/wiki/Member_states_of_the_United_Nations,2026-09-04,firecrawl_search
Uruguay,https://en.wikipedia.org/wiki/Uruguay,18 December 1945,https://en.wikipedia.org/wiki/Member_states_of_the_United_Nations,2026-09-04,firecrawl_search
Uzbekistan,https://en.wikipedia.org/wiki/Uzbekistan,2 March 1992,https://en.wikipedia.org/wiki/Member_states_of_the_United_Nations,2026-09-04,firecrawl_search
Vanuatu,https://en.wikipedia.org/wiki/Vanuatu,15 September 1981,https://en.wikipedia.org/wiki/Member_states_of_the_United_Nations,2026-09-04,firecrawl_search
Venezuela (Bolivarian Republic of),https://en.wikipedia.org/wiki/Venezuela,15 November 1945,https://en.wikipedia.org/wiki/Member_states_of_the_United_Nations,2026-09-04,firecrawl_search
Vietnam,https://en.wikipedia.org/wiki/Vietnam,20 September 1977,https://en.wikipedia.org/wiki/Member_states_of_the_United_Nations,2026-09-04,firecrawl_search
Yemen,https://en.wikipedia.org/wiki/Yemen,30 September 1947,https://en.wikipedia.org/wiki/Member_states_of_the_United_Nations,2026-09-04,firecrawl_search
Zambia,https://en.wikipedia.org/wiki/Zambia,1 December 1964,https://en.wikipedia.org/wiki/Member_states_of_the_United_Nations,2026-09-04,firecrawl_search
Zimbabwe,https://en.wikipedia.org/wiki/Zimbabwe,25 August 1980,https://en.wikipedia.org/wiki/Member_states_of_the_United_Nations,2026-09-04,firecrawl_search
