member_state,date_of_admission,source_url,access_date,channel
Afghanistan,19 November 1946,https://en.wikipedia.org/wiki/Member_states_of_the_United_Nations,2026-09-04,mcp__Firecrawl__firecrawl_search
Albania,14 December 1955,https://en.wikipedia.org/wiki/Member_states_of_the_United_Nations,2026-09-04,mcp__Firecrawl__firecrawl_search
Algeria,8 October 1962,https://en.wikipedia.org/wiki/Member_states_of_the_United_Nations,2026-09-04,mcp__Firecrawl__firecrawl_search
Andorra,28 July 1993,https://en.wikipedia.org/wiki/Member_states_of_the_United_Nations,2026-09-04,mcp__Firecrawl__firecrawl_search
Angola,1 December 1976,https://en.wikipedia.org/wiki/Member_states_of_the_United_Nations,2026-09-04,mcp__Firecrawl__firecrawl_search
Antigua and Barbuda,11 November 1981,https://en.wikipedia.org/wiki/Member_states_of_the_United_Nations,2026-09-04,mcp__Firecrawl__firecrawl_search
Argentina,24 October 1945,https://en.wikipedia.org/wiki/Member_states_of_the_United_Nations,2026-09-04,mcp__Firecrawl__firecrawl_search
Armenia,2 March 1992,https://en.wikipedia.org/wiki/Member_states_of_the_United_Nations,2026-09-04,mcp__Firecrawl__firecrawl_search
Australia,1 November 1945,https://en.wikipedia.org/wiki/Member_states_of_the_United_Nations,2026-09-04,mcp__Firecrawl__firecrawl_search
Austria,14 December 1955,https://en.wikipedia.org/wiki/Member_states_of_the_United_Nations,2026-09-04,mcp__Firecrawl__firecrawl_search
Azerbaijan,2 March 1992,https://en.wikipedia.org/wiki/Member_states_of_the_United_Nations,2026-09-04,mcp__Firecrawl__firecrawl_search
"Bahamas, The",18 September 1973,https://en.wikipedia.org/wiki/Member_states_of_the_United_Nations,2026-09-04,mcp__Firecrawl__firecrawl_search
Bahrain,21 September 1971,https://en.wikipedia.org/wiki/Member_states_of_the_United_Nations,2026-09-04,mcp__Firecrawl__firecrawl_search
Bangladesh,17 September 1974,https://en.wikipedia.org/wiki/Member_states_of_the_United_Nations,2026-09-04,mcp__Firecrawl__firecrawl_search
Barbados,9 December 1966,https://en.wikipedia.org/wiki/Member_states_of_the_United_Nations,2026-09-04,mcp__Firecrawl__firecrawl_search
Belarus,24 October 1945,https://en.wikipedia.org/wiki/Member_states_of_the_United_Nations,2026-09-04,mcp__Firecrawl__firecrawl_search
Belgium,27 December 1945,https://en.wikipedia.org/wiki/Member_states_of_the_United_Nations,2026-09-04,mcp__Firecrawl__firecrawl_search
Belize,25 September 1981,https://en.wikipedia.org/wiki/Member_states_of_the_United_Nations,2026-09-04,mcp__Firecrawl__firecrawl_search
Benin,20 September 1960,https://en.wikipedia.org/wiki/Member_states_of_the_United_Nations,2026-09-04,mcp__Firecrawl__firecrawl_search
Bhutan,21 September 1971,https://en.wikipedia.org/wiki/Member_states_of_the_United_Nations,2026-09-04,mcp__Firecrawl__firecrawl_search
Bolivia,14 November 1945,https://en.wikipedia.org/wiki/Member_states_of_the_United_Nations,2026-09-04,mcp__Firecrawl__firecrawl_search
Bosnia and Herzegovina,22 May 1992,https://en.wikipedia.org/wiki/Member_states_of_the_United_Nations,2026-09-04,mcp__Firecrawl__firecrawl_search
Botswana,17 October 1966,https://en.wikipedia.org/wiki/Member_states_of_the_United_Nations,2026-09-04,mcp__Firecrawl__firecrawl_search
Brazil,24 October 1945,https://en.wikipedia.org/wiki/Member_states_of_the_United_Nations,2026-09-04,mcp__Firecrawl__firecrawl_search
Brunei,21 September 1984,https://en.wikipedia.org/wiki/Member_states_of_the_United_Nations,2026-09-04,mcp__Firecrawl__firecrawl_search
Bulgaria,14 December 1955,https://en.wikipedia.org/wiki/Member_states_of_the_United_Nations,2026-09-04,mcp__Firecrawl__firecrawl_search
Burkina Faso,20 September 1960,https://en.wikipedia.org/wiki/Member_states_of_the_United_Nations,2026-09-04,mcp__Firecrawl__firecrawl_search
Burundi,18 September 1962,https://en.wikipedia.org/wiki/Member_states_of_the_United_Nations,2026-09-04,mcp__Firecrawl__firecrawl_search
Cabo Verde,16 September 1975,https://en.wikipedia.org/wiki/Member_states_of_the_United_Nations,2026-09-04,mcp__Firecrawl__firecrawl_search
Cambodia,14 December 1955,https://en.wikipedia.org/wiki/Member_states_of_the_United_Nations,2026-09-04,mcp__Firecrawl__firecrawl_search
Cameroon,20 September 1960,https://en.wikipedia.org/wiki/Member_states_of_the_United_Nations,2026-09-04,mcp__Firecrawl__firecrawl_search
Canada,9 November 1945,https://en.wikipedia.org/wiki/Member_states_of_the_United_Nations,2026-09-04,mcp__Firecrawl__firecrawl_search
Central African Republic,20 September 1960,https://en.wikipedia.org/wiki/Member_states_of_the_United_Nations,2026-09-04,mcp__Firecrawl__firecrawl_search
Chad,20 September 1960,https://en.wikipedia.org/wiki/Member_states_of_the_United_Nations,2026-09-04,mcp__Firecrawl__firecrawl_search
Chile,24 October 1945,https://en.wikipedia.org/wiki/Member_states_of_the_United_Nations,2026-09-04,mcp__Firecrawl__firecrawl_search
China,24 October 1945,https://en.wikipedia.org/wiki/Member_states_of_the_United_Nations,2026-09-04,mcp__Firecrawl__firecrawl_search
Colombia,5 November 1945,https://en.wikipedia.org/wiki/Member_states_of_the_United_Nations,2026-09-04,mcp__Firecrawl__firecrawl_search
Comoros,12 November 1975,https://en.wikipedia.org/wiki/Member_states_of_the_United_Nations,2026-09-04,mcp__Firecrawl__firecrawl_search
Congo,20 September 1960,https://en.wikipedia.org/wiki/Member_states_of_the_United_Nations,2026-09-04,mcp__Firecrawl__firecrawl_search
Costa Rica,2 November 1945,https://en.wikipedia.org/wiki/Member_states_of_the_United_Nations,2026-09-04,mcp__Firecrawl__firecrawl_search
Côte d'Ivoire,20 September 1960,https://en.wikipedia.org/wiki/Member_states_of_the_United_Nations,2026-09-04,mcp__Firecrawl__firecrawl_search
Croatia,22 May 1992,https://en.wikipedia.org/wiki/Member_states_of_the_United_Nations,2026-09-04,mcp__Firecrawl__firecrawl_search
Cuba,24 October 1945,https://en.wikipedia.org/wiki/Member_states_of_the_United_Nations,2026-09-04,mcp__Firecrawl__firecrawl_search
Cyprus,20 September 1960,https://en.wikipedia.org/wiki/Member_states_of_the_United_Nations,2026-09-04,mcp__Firecrawl__firecrawl_search
Czechia,19 January 1993,https://en.wikipedia.org/wiki/Member_states_of_the_United_Nations,2026-09-04,mcp__Firecrawl__firecrawl_search
Democratic People's Republic of Korea,17 September 1991,https://en.wikipedia.org/wiki/Member_states_of_the_United_Nations,2026-09-04,mcp__Firecrawl__firecrawl_search
Democratic Republic of the Congo,20 September 1960,https://en.wikipedia.org/wiki/Member_states_of_the_United_Nations,2026-09-04,mcp__Firecrawl__firecrawl_search
Denmark,24 October 1945,https://en.wikipedia.org/wiki/Member_states_of_the_United_Nations,2026-09-04,mcp__Firecrawl__firecrawl_search
Djibouti,20 September 1977,https://en.wikipedia.org/wiki/Member_states_of_the_United_Nations,2026-09-04,mcp__Firecrawl__firecrawl_search
Dominica,18 December 1978,https://en.wikipedia.org/wiki/Member_states_of_the_United_Nations,2026-09-04,mcp__Firecrawl__firecrawl_search
Dominican Republic,24 October 1945,https://en.wikipedia.org/wiki/Member_states_of_the_United_Nations,2026-09-04,mcp__Firecrawl__firecrawl_search
Ecuador,21 December 1945,https://en.wikipedia.org/wiki/Member_states_of_the_United_Nations,2026-09-04,mcp__Firecrawl__firecrawl_search
Egypt,24 October 1945,https://en.wikipedia.org/wiki/Member_states_of_the_United_Nations,2026-09-04,mcp__Firecrawl__firecrawl_search
El Salvador,24 October 1945,https://en.wikipedia.org/wiki/Member_states_of_the_United_Nations,2026-09-04,mcp__Firecrawl__firecrawl_search
Equatorial Guinea,12 November 1968,https://en.wikipedia.org/wiki/Member_states_of_the_United_Nations,2026-09-04,mcp__Firecrawl__firecrawl_search
Eritrea,28 May 1993,https://en.wikipedia.org/wiki/Member_states_of_the_United_Nations,2026-09-04,mcp__Firecrawl__firecrawl_search
Estonia,17 September 1991,https://en.wikipedia.org/wiki/Member_states_of_the_United_Nations,2026-09-04,mcp__Firecrawl__firecrawl_search
Eswatini,24 September 1968,https://en.wikipedia.org/wiki/Member_states_of_the_United_Nations,2026-09-04,mcp__Firecrawl__firecrawl_search
Ethiopia,13 November 1945,https://en.wikipedia.org/wiki/Member_states_of_the_United_Nations,2026-09-04,mcp__Firecrawl__firecrawl_search
Fiji,13 October 1970,https://en.wikipedia.org/wiki/Member_states_of_the_United_Nations,2026-09-04,mcp__Firecrawl__firecrawl_search
Finland,14 December 1955,https://en.wikipedia.org/wiki/Member_states_of_the_United_Nations,2026-09-04,mcp__Firecrawl__firecrawl_search
France,24 October 1945,https://en.wikipedia.org/wiki/Member_states_of_the_United_Nations,2026-09-04,mcp__Firecrawl__firecrawl_search
Gabon,20 September 1960,https://en.wikipedia.org/wiki/Member_states_of_the_United_Nations,2026-09-04,mcp__Firecrawl__firecrawl_search
Gambia (Republic of The),21 September 1965,https://en.wikipedia.org/wiki/Member_states_of_the_United_Nations,2026-09-04,mcp__Firecrawl__firecrawl_search
Georgia,31 July 1992,https://en.wikipedia.org/wiki/Member_states_of_the_United_Nations,2026-09-04,mcp__Firecrawl__firecrawl_search
Germany,18 September 1973,https://en.wikipedia.org/wiki/Member_states_of_the_United_Nations,2026-09-04,mcp__Firecrawl__firecrawl_search
Ghana,8 March 1957,https://en.wikipedia.org/wiki/Member_states_of_the_United_Nations,2026-09-04,mcp__Firecrawl__firecrawl_search
Greece,25 October 1945,https://en.wikipedia.org/wiki/Member_states_of_the_United_Nations,2026-09-04,mcp__Firecrawl__firecrawl_search
Grenada,17 September 1974,https://en.wikipedia.org/wiki/Member_states_of_the_United_Nations,2026-09-04,mcp__Firecrawl__firecrawl_search
Guatemala,21 November 1945,https://en.wikipedia.org/wiki/Member_states_of_the_United_Nations,2026-09-04,mcp__Firecrawl__firecrawl_search
Guinea,12 December 1958,https://en.wikipedia.org/wiki/Member_states_of_the_United_Nations,2026-09-04,mcp__Firecrawl__firecrawl_search
Guinea-Bissau,17 September 1974,https://en.wikipedia.org/wiki/Member_states_of_the_United_Nations,2026-09-04,mcp__Firecrawl__firecrawl_search
Guyana,20 September 1966,https://en.wikipedia.org/wiki/Member_states_of_the_United_Nations,2026-09-04,mcp__Firecrawl__firecrawl_search
Haiti,24 October 1945,https://en.wikipedia.org/wiki/Member_states_of_the_United_Nations,2026-09-04,mcp__Firecrawl__firecrawl_search
Honduras,17 December 1945,https://en.wikipedia.org/wiki/Member_states_of_the_United_Nations,2026-09-04,mcp__Firecrawl__firecrawl_search
Hungary,14 December 1955,https://en.wikipedia.org/wiki/Member_states_of_the_United_Nations,2026-09-04,mcp__Firecrawl__firecrawl_search
Iceland,19 November 1946,https://en.wikipedia.org/wiki/Member_states_of_the_United_Nations,2026-09-04,mcp__Firecrawl__firecrawl_search
India,30 October 1945,https://en.wikipedia.org/wiki/Member_states_of_the_United_Nations,2026-09-04,mcp__Firecrawl__firecrawl_search
Indonesia,28 September 1950,https://en.wikipedia.org/wiki/Member_states_of_the_United_Nations,2026-09-04,mcp__Firecrawl__firecrawl_search
Iran (Islamic Republic of),24 October 1945,https://en.wikipedia.org/wiki/Member_states_of_the_United_Nations,2026-09-04,mcp__Firecrawl__firecrawl_search
Iraq,21 December 1945,https://en.wikipedia.org/wiki/Member_states_of_the_United_Nations,2026-09-04,mcp__Firecrawl__firecrawl_search
Ireland,14 December 1955,https://en.wikipedia.org/wiki/Member_states_of_the_United_Nations,2026-09-04,mcp__Firecrawl__firecrawl_search
Israel,11 May 1949,https://en.wikipedia.org/wiki/Member_states_of_the_United_Nations,2026-09-04,mcp__Firecrawl__firecrawl_search
Italy,14 December 1955,https://en.wikipedia.org/wiki/Member_states_of_the_United_Nations,2026-09-04,mcp__Firecrawl__firecrawl_search
Jamaica,18 September 1962,https://en.wikipedia.org/wiki/Member_states_of_the_United_Nations,2026-09-04,mcp__Firecrawl__firecrawl_search
Japan,18 December 1956,https://en.wikipedia.org/wiki/Member_states_of_the_United_Nations,2026-09-04,mcp__Firecrawl__firecrawl_search
Jordan,14 December 1955,https://en.wikipedia.org/wiki/Member_states_of_the_United_Nations,2026-09-04,mcp__Firecrawl__firecrawl_search
Kazakhstan,2 March 1992,https://en.wikipedia.org/wiki/Member_states_of_the_United_Nations,2026-09-04,mcp__Firecrawl__firecrawl_search
Kenya,16 December 1963,https://en.wikipedia.org/wiki/Member_states_of_the_United_Nations,2026-09-04,mcp__Firecrawl__firecrawl_search
Kiribati,14 September 1999,https://en.wikipedia.org/wiki/Member_states_of_the_United_Nations,2026-09-04,mcp__Firecrawl__firecrawl_search
Kuwait,14 May 1963,https://en.wikipedia.org/wiki/Member_states_of_the_United_Nations,2026-09-04,mcp__Firecrawl__firecrawl_search
Kyrgyzstan,2 March 1992,https://en.wikipedia.org/wiki/Member_states_of_the_United_Nations,2026-09-04,mcp__Firecrawl__firecrawl_search
Lao People's Democratic Republic,14 December 1955,https://en.wikipedia.org/wiki/Member_states_of_the_United_Nations,2026-09-04,mcp__Firecrawl__firecrawl_search
Latvia,17 September 1991,https://en.wikipedia.org/wiki/Member_states_of_the_United_Nations,2026-09-04,mcp__Firecrawl__firecrawl_search
Lebanon,24 October 1945,https://en.wikipedia.org/wiki/Member_states_of_the_United_Nations,2026-09-04,mcp__Firecrawl__firecrawl_search
Lesotho,17 October 1966,https://en.wikipedia.org/wiki/Member_states_of_the_United_Nations,2026-09-04,mcp__Firecrawl__firecrawl_search
Liberia,2 November 1945,https://en.wikipedia.org/wiki/Member_states_of_the_United_Nations,2026-09-04,mcp__Firecrawl__firecrawl_search
Libya,14 December 1955,https://en.wikipedia.org/wiki/Member_states_of_the_United_Nations,2026-09-04,mcp__Firecrawl__firecrawl_search
Liechtenstein,18 September 1990,https://en.wikipedia.org/wiki/Member_states_of_the_United_Nations,2026-09-04,mcp__Firecrawl__firecrawl_search
Lithuania,17 September 1991,https://en.wikipedia.org/wiki/Member_states_of_the_United_Nations,2026-09-04,mcp__Firecrawl__firecrawl_search
Luxembourg,24 October 1945,https://en.wikipedia.org/wiki/Member_states_of_the_United_Nations,2026-09-04,mcp__Firecrawl__firecrawl_search
Madagascar,20 September 1960,https://en.wikipedia.org/wiki/Member_states_of_the_United_Nations,2026-09-04,mcp__Firecrawl__firecrawl_search
Malawi,1 December 1964,https://en.wikipedia.org/wiki/Member_states_of_the_United_Nations,2026-09-04,mcp__Firecrawl__firecrawl_search
Malaysia,17 September 1957,https://en.wikipedia.org/wiki/Member_states_of_the_United_Nations,2026-09-04,mcp__Firecrawl__firecrawl_search
Maldives,21 September 1965,https://en.wikipedia.org/wiki/Member_states_of_the_United_Nations,2026-09-04,mcp__Firecrawl__firecrawl_search
Mali,28 September 1960,https://en.wikipedia.org/wiki/Member_states_of_the_United_Nations,2026-09-04,mcp__Firecrawl__firecrawl_search
Malta,1 December 1964,https://en.wikipedia.org/wiki/Member_states_of_the_United_Nations,2026-09-04,mcp__Firecrawl__firecrawl_search
Marshall Islands,17 September 1991,https://en.wikipedia.org/wiki/Member_states_of_the_United_Nations,2026-09-04,mcp__Firecrawl__firecrawl_search
Mauritania,27 October 1961,https://en.wikipedia.org/wiki/Member_states_of_the_United_Nations,2026-09-04,mcp__Firecrawl__firecrawl_search
Mauritius,24 April 1968,https://en.wikipedia.org/wiki/Member_states_of_the_United_Nations,2026-09-04,mcp__Firecrawl__firecrawl_search
Mexico,7 November 1945,https://en.wikipedia.org/wiki/Member_states_of_the_United_Nations,2026-09-04,mcp__Firecrawl__firecrawl_search
Micronesia (Federated States of),17 September 1991,https://en.wikipedia.org/wiki/Member_states_of_the_United_Nations,2026-09-04,mcp__Firecrawl__firecrawl_search
Monaco,28 May 1993,https://en.wikipedia.org/wiki/Member_states_of_the_United_Nations,2026-09-04,mcp__Firecrawl__firecrawl_search
Mongolia,27 October 1961,https://en.wikipedia.org/wiki/Member_states_of_the_United_Nations,2026-09-04,mcp__Firecrawl__firecrawl_search
Montenegro,28 June 2006,https://en.wikipedia.org/wiki/Member_states_of_the_United_Nations,2026-09-04,mcp__Firecrawl__firecrawl_search
Morocco,12 November 1956,https://en.wikipedia.org/wiki/Member_states_of_the_United_Nations,2026-09-04,mcp__Firecrawl__firecrawl_search
Mozambique,16 September 1975,https://en.wikipedia.org/wiki/Member_states_of_the_United_Nations,2026-09-04,mcp__Firecrawl__firecrawl_search
Myanmar,19 April 1948,https://en.wikipedia.org/wiki/Member_states_of_the_United_Nations,2026-09-04,mcp__Firecrawl__firecrawl_search
Namibia,23 April 1990,https://en.wikipedia.org/wiki/Member_states_of_the_United_Nations,2026-09-04,mcp__Firecrawl__firecrawl_search
Naoero,14 September 1999,https://en.wikipedia.org/wiki/Member_states_of_the_United_Nations,2026-09-04,mcp__Firecrawl__firecrawl_search
Nepal,14 December 1955,https://en.wikipedia.org/wiki/Member_states_of_the_United_Nations,2026-09-04,mcp__Firecrawl__firecrawl_search
Netherlands,10 December 1945,https://en.wikipedia.org/wiki/Member_states_of_the_United_Nations,2026-09-04,mcp__Firecrawl__firecrawl_search
New Zealand,24 October 1945,https://en.wikipedia.org/wiki/Member_states_of_the_United_Nations,2026-09-04,mcp__Firecrawl__firecrawl_search
Nicaragua,24 October 1945,https://en.wikipedia.org/wiki/Member_states_of_the_United_Nations,2026-09-04,mcp__Firecrawl__firecrawl_search
Niger,20 September 1960,https://en.wikipedia.org/wiki/Member_states_of_the_United_Nations,2026-09-04,mcp__Firecrawl__firecrawl_search
Nigeria,7 October 1960,https://en.wikipedia.org/wiki/Member_states_of_the_United_Nations,2026-09-04,mcp__Firecrawl__firecrawl_search
North Macedonia,8 April 1993,https://en.wikipedia.org/wiki/Member_states_of_the_United_Nations,2026-09-04,mcp__Firecrawl__firecrawl_search
Norway,27 November 1945,https://en.wikipedia.org/wiki/Member_states_of_the_United_Nations,2026-09-04,mcp__Firecrawl__firecrawl_search
Oman,7 October 1971,https://en.wikipedia.org/wiki/Member_states_of_the_United_Nations,2026-09-04,mcp__Firecrawl__firecrawl_search
Pakistan,30 September 1947,https://en.wikipedia.org/wiki/Member_states_of_the_United_Nations,2026-09-04,mcp__Firecrawl__firecrawl_search
Palau,15 December 1994,https://en.wikipedia.org/wiki/Member_states_of_the_United_Nations,2026-09-04,mcp__Firecrawl__firecrawl_search
Panama,13 November 1945,https://en.wikipedia.org/wiki/Member_states_of_the_United_Nations,2026-09-04,mcp__Firecrawl__firecrawl_search
Papua New Guinea,10 October 1975,https://en.wikipedia.org/wiki/Member_states_of_the_United_Nations,2026-09-04,mcp__Firecrawl__firecrawl_search
Paraguay,24 October 1945,https://en.wikipedia.org/wiki/Member_states_of_the_United_Nations,2026-09-04,mcp__Firecrawl__firecrawl_search
Peru,31 October 1945,https://en.wikipedia.org/wiki/Member_states_of_the_United_Nations,2026-09-04,mcp__Firecrawl__firecrawl_search
Philippines,24 October 1945,https://en.wikipedia.org/wiki/Member_states_of_the_United_Nations,2026-09-04,mcp__Firecrawl__firecrawl_search
Poland,24 October 1945,https://en.wikipedia.org/wiki/Member_states_of_the_United_Nations,2026-09-04,mcp__Firecrawl__firecrawl_search
Portugal,14 December 1955,https://en.wikipedia.org/wiki/Member_states_of_the_United_Nations,2026-09-04,mcp__Firecrawl__firecrawl_search
Qatar,21 September 1971,https://en.wikipedia.org/wiki/Member_states_of_the_United_Nations,2026-09-04,mcp__Firecrawl__firecrawl_search
Republic of Korea,17 September 1991,https://en.wikipedia.org/wiki/Member_states_of_the_United_Nations,2026-09-04,mcp__Firecrawl__firecrawl_search
Republic of Moldova,2 March 1992,https://en.wikipedia.org/wiki/Member_states_of_the_United_Nations,2026-09-04,mcp__Firecrawl__firecrawl_search
Romania,14 December 1955,https://en.wikipedia.org/wiki/Member_states_of_the_United_Nations,2026-09-04,mcp__Firecrawl__firecrawl_search
Russian Federation,24 October 1945,https://en.wikipedia.org/wiki/Member_states_of_the_United_Nations,2026-09-04,mcp__Firecrawl__firecrawl_search
Rwanda,18 September 1962,https://en.wikipedia.org/wiki/Member_states_of_the_United_Nations,2026-09-04,mcp__Firecrawl__firecrawl_search
Saint Kitts and Nevis,23 September 1983,https://en.wikipedia.org/wiki/Member_states_of_the_United_Nations,2026-09-04,mcp__Firecrawl__firecrawl_search
Saint Lucia,18 September 1979,https://en.wikipedia.org/wiki/Member_states_of_the_United_Nations,2026-09-04,mcp__Firecrawl__firecrawl_search
Saint Vincent and the Grenadines,16 September 1980,https://en.wikipedia.org/wiki/Member_states_of_the_United_Nations,2026-09-04,mcp__Firecrawl__firecrawl_search
Samoa,15 December 1976,https://en.wikipedia.org/wiki/Member_states_of_the_United_Nations,2026-09-04,mcp__Firecrawl__firecrawl_search
San Marino,2 March 1992,https://en.wikipedia.org/wiki/Member_states_of_the_United_Nations,2026-09-04,mcp__Firecrawl__firecrawl_search
Sao Tome and Principe,16 September 1975,https://en.wikipedia.org/wiki/Member_states_of_the_United_Nations,2026-09-04,mcp__Firecrawl__firecrawl_search
Saudi Arabia,24 October 1945,https://en.wikipedia.org/wiki/Member_states_of_the_United_Nations,2026-09-04,mcp__Firecrawl__firecrawl_search
Senegal,28 September 1960,https://en.wikipedia.org/wiki/Member_states_of_the_United_Nations,2026-09-04,mcp__Firecrawl__firecrawl_search
Serbia,1 November 2000,https://en.wikipedia.org/wiki/Member_states_of_the_United_Nations,2026-09-04,mcp__Firecrawl__firecrawl_search
Seychelles,21 September 1976,https://en.wikipedia.org/wiki/Member_states_of_the_United_Nations,2026-09-04,mcp__Firecrawl__firecrawl_search
Sierra Leone,27 September 1961,https://en.wikipedia.org/wiki/Member_states_of_the_United_Nations,2026-09-04,mcp__Firecrawl__firecrawl_search
Singapore,21 September 1965,https://en.wikipedia.org/wiki/Member_states_of_the_United_Nations,2026-09-04,mcp__Firecrawl__firecrawl_search
Slovakia,19 January 1993,https://en.wikipedia.org/wiki/Member_states_of_the_United_Nations,2026-09-04,mcp__Firecrawl__firecrawl_search
Slovenia,22 May 1992,https://en.wikipedia.org/wiki/Member_states_of_the_United_Nations,2026-09-04,mcp__Firecrawl__firecrawl_search
Solomon Islands,19 September 1978,https://en.wikipedia.org/wiki/Member_states_of_the_United_Nations,2026-09-04,mcp__Firecrawl__firecrawl_search
Somalia,20 September 1960,https://en.wikipedia.org/wiki/Member_states_of_the_United_Nations,2026-09-04,mcp__Firecrawl__firecrawl_search
South Africa,7 November 1945,https://en.wikipedia.org/wiki/Member_states_of_the_United_Nations,2026-09-04,mcp__Firecrawl__firecrawl_search
South Sudan,14 July 2011,https://en.wikipedia.org/wiki/Member_states_of_the_United_Nations,2026-09-04,mcp__Firecrawl__firecrawl_search
Spain,14 December 1955,https://en.wikipedia.org/wiki/Member_states_of_the_United_Nations,2026-09-04,mcp__Firecrawl__firecrawl_search
Sri Lanka,14 December 1955,https://en.wikipedia.org/wiki/Member_states_of_the_United_Nations,2026-09-04,mcp__Firecrawl__firecrawl_search
Sudan,12 November 1956,https://en.wikipedia.org/wiki/Member_states_of_the_United_Nations,2026-09-04,mcp__Firecrawl__firecrawl_search
Suriname,4 December 1975,https://en.wikipedia.org/wiki/Member_states_of_the_United_Nations,2026-09-04,mcp__Firecrawl__firecrawl_search
Sweden,19 November 1946,https://en.wikipedia.org/wiki/Member_states_of_the_United_Nations,2026-09-04,mcp__Firecrawl__firecrawl_search
Switzerland,10 September 2002,https://en.wikipedia.org/wiki/Member_states_of_the_United_Nations,2026-09-04,mcp__Firecrawl__firecrawl_search
Syrian Arab Republic,24 October 1945,https://en.wikipedia.org/wiki/Member_states_of_the_United_Nations,2026-09-04,mcp__Firecrawl__firecrawl_search
Tajikistan,2 March 1992,https://en.wikipedia.org/wiki/Member_states_of_the_United_Nations,2026-09-04,mcp__Firecrawl__firecrawl_search
Thailand,16 December 1946,https://en.wikipedia.org/wiki/Member_states_of_the_United_Nations,2026-09-04,mcp__Firecrawl__firecrawl_search
Timor-Leste,27 September 2002,https://en.wikipedia.org/wiki/Member_states_of_the_United_Nations,2026-09-04,mcp__Firecrawl__firecrawl_search
Togo,20 September 1960,https://en.wikipedia.org/wiki/Member_states_of_the_United_Nations,2026-09-04,mcp__Firecrawl__firecrawl_search
Tonga,14 September 1999,https://en.wikipedia.org/wiki/Member_states_of_the_United_Nations,2026-09-04,mcp__Firecrawl__firecrawl_search
Trinidad and Tobago,18 September 1962,https://en.wikipedia.org/wiki/Member_states_of_the_United_Nations,2026-09-04,mcp__Firecrawl__firecrawl_search
Tunisia,12 November 1956,https://en.wikipedia.org/wiki/Member_states_of_the_United_Nations,2026-09-04,mcp__Firecrawl__firecrawl_search
Türkiye,24 October 1945,https://en.wikipedia.org/wiki/Member_states_of_the_United_Nations,2026-09-04,mcp__Firecrawl__firecrawl_search
Turkmenistan,2 March 1992,https://en.wikipedia.org/wiki/Member_states_of_the_United_Nations,2026-09-04,mcp__Firecrawl__firecrawl_search
Tuvalu,5 September 2000,https://en.wikipedia.org/wiki/Member_states_of_the_United_Nations,2026-09-04,mcp__Firecrawl__firecrawl_search
Uganda,25 October 1962,https://en.wikipedia.org/wiki/Member_states_of_the_United_Nations,2026-09-04,mcp__Firecrawl__firecrawl_search
Ukraine,24 October 1945,https://en.wikipedia.org/wiki/Member_states_of_the_United_Nations,2026-09-04,mcp__Firecrawl__firecrawl_search
United Arab Emirates,9 December 1971,https://en.wikipedia.org/wiki/Member_states_of_the_United_Nations,2026-09-04,mcp__Firecrawl__firecrawl_search
United Kingdom of Great Britain and Northern Ireland,24 October 1945,https://en.wikipedia.org/wiki/Member_states_of_the_United_Nations,2026-09-04,mcp__Firecrawl__firecrawl_search
United Republic of Tanzania,14 December 1961,https://en.wikipedia.org/wiki/Member_states_of_the_United_Nations,2026-09-04,mcp__Firecrawl__firecrawl_search
United States of America,24 October 1945,https://en.wikipedia.org/wiki/Member_states_of_the_United_Nations,2026-09-04,mcp__Firecrawl__firecrawl_search
Uruguay,18 December 1945,https://en.wikipedia.org/wiki/Member_states_of_the_United_Nations,2026-09-04,mcp__Firecrawl__firecrawl_search
Uzbekistan,2 March 1992,https://en.wikipedia.org/wiki/Member_states_of_the_United_Nations,2026-09-04,mcp__Firecrawl__firecrawl_search
Vanuatu,15 September 1981,https://en.wikipedia.org/wiki/Member_states_of_the_United_Nations,2026-09-04,mcp__Firecrawl__firecrawl_search
Venezuela (Bolivarian Republic of),15 November 1945,https://en.wikipedia.org/wiki/Member_states_of_the_United_Nations,2026-09-04,mcp__Firecrawl__firecrawl_search
Vietnam,20 September 1977,https://en.wikipedia.org/wiki/Member_states_of_the_United_Nations,2026-09-04,mcp__Firecrawl__firecrawl_search
Yemen,30 September 1947,https://en.wikipedia.org/wiki/Member_states_of_the_United_Nations,2026-09-04,mcp__Firecrawl__firecrawl_search
Zambia,1 December 1964,https://en.wikipedia.org/wiki/Member_states_of_the_United_Nations,2026-09-04,mcp__Firecrawl__firecrawl_search
Zimbabwe,25 August 1980,https://en.wikipedia.org/wiki/Member_states_of_the_United_Nations,2026-09-04,mcp__Firecrawl__firecrawl_search
